Date Time,Temp (°C)  #9724974,Temp (°C)  #9724974,Coupler Detached,Coupler Attached,Host Connected,End Of File
08/18/10 14:00:00.0,20865,20984,Logged,,,,Details
08/18/10 15:00:00.0,20174,20317,,,,,Series: Temp, °C
08/18/10 16:00:00.0,6458,6611,,,,,Devices
08/18/10 17:00:00.0,7920,8394,,,,,Device Info
08/18/10 18:00:00.0,7519,7670,,,,,Product: HOBO U23-003 Temp/Temp
08/18/10 19:00:00.0,5975,6051,,,,,Serial Number: 9724974
08/18/10 20:00:00.0,5437,5462,,,,,Version Number: 1.09
08/18/10 21:00:00.0,6255,6560,,,,,Manufacturer: Onset Computer Corporation
08/18/10 22:00:00.0,8245,8519,,,,,Device Memory: 65536
08/18/10 23:00:00.0,10271,10492,,,,,Header Created: 08/18/10 10:08:42 GMT-07:00 AM
08/19/10 00:00:00.0,10492,11053,,,,,Deployment Info
08/19/10 01:00:00.0,10492,11102,,,,,Full Series Name: Temperature, °C
08/19/10 02:00:00.0,10369,10980,,,,,Launch Name: 9724974
08/19/10 03:00:00.0,10198,10785,,,,,Deployment Number: 1
08/19/10 04:00:00.0,9977,10565,,,,,Launch Time: 08/18/10 01:09:01 GMT-07:00 PM
08/19/10 05:00:00.0,9756,10345,,,,,Logging Interval: 01 Hr 00 Min 00 Sec
08/19/10 06:00:00.0,9534,10075,,,,,Launch GMT Offset: -7 Hr 0 Min
08/19/10 07:00:00.0,9287,9805,,,,,Battery at Launch: 3.43 Volts
08/19/10 08:00:00.0,9089,9558,,,,,Launching Program: HOBOware-2.2.0_18-RC10
08/19/10 09:00:00.0,9558,10345,,,,,Series Statistics
08/19/10 10:00:00.0,10858,11589,,,,,Samples: 21,723
08/19/10 11:00:00.0,12751,12944,,,,,Max: 23.569
08/19/10 12:00:00.0,12195,12098,,,,,Min: -34.761
08/19/10 13:00:00.0,11492,11467,,,,,Avg: -2.543
08/19/10 14:00:00.0,12074,12630,,,,,Std Dev (σ): 9.823
08/19/10 15:00:00.0,13209,12992,,,,,First Sample Time: 08/18/10 02:00:00 GMT-07:00 PM
08/19/10 16:00:00.0,10785,15342,,,,,Last Sample Time: 02/08/13 04:00:00 GMT-07:00 PM
08/19/10 17:00:00.0,9608,14768,,,,,Series: Temp, °C
08/19/10 18:00:00.0,9485,14361,,,,,Devices
08/19/10 19:00:00.0,8220,12437,,,,,Device Info
08/19/10 20:00:00.0,7770,10492,,,,,Product: HOBO U23-003 Temp/Temp
08/19/10 21:00:00.0,7393,8866,,,,,Serial Number: 9724974
08/19/10 22:00:00.0,6839,7268,,,,,Version Number: 1.09
08/19/10 23:00:00.0,6560,6535,,,,,Manufacturer: Onset Computer Corporation
08/20/10 00:00:00.0,6382,6102,,,,,Device Memory: 65536
08/20/10 01:00:00.0,6102,5745,,,,,Header Created: 08/18/10 10:08:42 GMT-07:00 AM
08/20/10 02:00:00.0,5591,5437,,,,,Deployment Info
08/20/10 03:00:00.0,5821,5257,,,,,Full Series Name: Temperature, °C
08/20/10 04:00:00.0,5821,4999,,,,,Launch Name: 9724974
08/20/10 05:00:00.0,5385,4921,,,,,Deployment Number: 1
08/20/10 06:00:00.0,4844,4844,,,,,Launch Time: 08/18/10 01:09:01 GMT-07:00 PM
08/20/10 07:00:00.0,4662,4818,,,,,Logging Interval: 01 Hr 00 Min 00 Sec
08/20/10 08:00:00.0,4895,5411,,,,,Launch GMT Offset: -7 Hr 0 Min
08/20/10 09:00:00.0,4973,6433,,,,,Battery at Launch: 3.43 Volts
08/20/10 10:00:00.0,4714,8070,,,,,Launching Program: HOBOware-2.2.0_18-RC10
08/20/10 11:00:00.0,4610,7920,,,,,Series Statistics
08/20/10 12:00:00.0,5334,9213,,,,,Samples: 21,723
08/20/10 13:00:00.0,5257,10541,,,,,Max: 27.776
08/20/10 14:00:00.0,5898,11613,,,,,Min: -15.104
08/20/10 15:00:00.0,6204,12534,,,,,Avg: 0.145
08/20/10 16:00:00.0,7217,14218,,,,,Std Dev (σ): 6.336
08/20/10 17:00:00.0,6026,12413,,,,,First Sample Time: 08/18/10 02:00:00 GMT-07:00 PM
08/20/10 18:00:00.0,5693,10687,,,,,Last Sample Time: 02/08/13 04:00:00 GMT-07:00 PM
08/20/10 19:00:00.0,6661,10590,,,,,Event Type: Coupler Detached
08/20/10 20:00:00.0,5847,9509,,,,,Devices
08/20/10 21:00:00.0,4141,7116,,,,,Device Info
08/20/10 22:00:00.0,4558,5411,,,,,Product: HOBO U23-003 Temp/Temp
08/20/10 23:00:00.0,4220,4350,,,,,Serial Number: 9724974
08/21/10 00:00:00.0,4272,4376,,,,,Version Number: 1.09
08/21/10 01:00:00.0,4115,3722,,,,,Manufacturer: Onset Computer Corporation
08/21/10 02:00:00.0,3801,2664,,,,,Device Memory: 65536
08/21/10 03:00:00.0,3301,1913,,,,,Header Created: 08/18/10 10:08:42 GMT-07:00 AM
08/21/10 04:00:00.0,3670,2343,,,,,Deployment Info
08/21/10 05:00:00.0,3958,2797,,,,,Full Series Name: Coupler Detached
08/21/10 06:00:00.0,3854,3063,,,,,Launch Name: 9724974
08/21/10 07:00:00.0,3801,3406,,,,,Deployment Number: 1
08/21/10 08:00:00.0,4037,4714,,,,,Launch Time: 08/18/10 01:09:01 GMT-07:00 PM
08/21/10 09:00:00.0,4480,6560,,,,,Launch GMT Offset: -7 Hr 0 Min
08/21/10 10:00:00.0,4688,7870,,,,,Battery at Launch: 3.43 Volts
08/21/10 11:00:00.0,5796,10320,,,,,Series Statistics
08/21/10 12:00:00.0,5591,11662,,,,,Samples: 3
08/21/10 13:00:00.0,6864,13161,,,,,First Sample Time: 08/18/10 02:00:00 GMT-07:00 PM
08/21/10 14:00:00.0,7820,13834,,,,,Last Sample Time: 07/27/11 11:52:16 GMT-07:00 AM
08/21/10 15:00:00.0,7645,13882,,,,,Event Type: Coupler Attached
08/21/10 16:00:00.0,7419,13882,,,,,Devices
08/21/10 17:00:00.0,7368,13161,,,,,Device Info
08/21/10 18:00:00.0,7995,13858,,,,,Product: HOBO U23-003 Temp/Temp
08/21/10 19:00:00.0,7469,11516,,,,,Serial Number: 9724974
08/21/10 20:00:00.0,8419,10369,,,,,Version Number: 1.09
08/21/10 21:00:00.0,6737,8693,,,,,Manufacturer: Onset Computer Corporation
08/21/10 22:00:00.0,6509,6230,,,,,Device Memory: 65536
08/21/10 23:00:00.0,6306,5282,,,,,Header Created: 08/18/10 10:08:42 GMT-07:00 AM
08/22/10 00:00:00.0,6077,4792,,,,,Deployment Info
08/22/10 01:00:00.0,5591,4141,,,,,Full Series Name: Coupler Attached
08/22/10 02:00:00.0,5308,3880,,,,,Launch Name: 9724974
08/22/10 03:00:00.0,4895,3591,,,,,Deployment Number: 1
08/22/10 04:00:00.0,4792,3354,,,,,Launch Time: 08/18/10 01:09:01 GMT-07:00 PM
08/22/10 05:00:00.0,4428,3009,,,,,Launch GMT Offset: -7 Hr 0 Min
08/22/10 06:00:00.0,4168,2557,,,,,Battery at Launch: 3.43 Volts
08/22/10 07:00:00.0,4011,1940,,,,,Series Statistics
08/22/10 08:00:00.0,4168,2450,,,,,Samples: 2
08/22/10 09:00:00.0,4636,2637,,,,,First Sample Time: 07/27/11 11:44:41 GMT-07:00 AM
08/22/10 10:00:00.0,5308,2610,,,,,Last Sample Time: 07/27/11 11:51:51 GMT-07:00 AM
08/22/10 11:00:00.0,7217,4688,,,,,Event Type: Host Connected
08/22/10 12:00:00.0,7444,9213,,,,,Devices
08/22/10 13:00:00.0,7066,8295,,,,,Device Info
08/22/10 14:00:00.0,8394,10198,,,,,Product: HOBO U23-003 Temp/Temp
08/22/10 15:00:00.0,8369,9903,,,,,Serial Number: 9724974
08/22/10 16:00:00.0,9064,8965,,,,,Version Number: 1.09
08/22/10 17:00:00.0,8891,9780,,,,,Manufacturer: Onset Computer Corporation
08/22/10 18:00:00.0,8369,10075,,,,,Device Memory: 65536
08/22/10 19:00:00.0,6839,8020,,,,,Header Created: 08/18/10 10:08:42 GMT-07:00 AM
08/22/10 20:00:00.0,6661,6914,,,,,Deployment Info
08/22/10 21:00:00.0,5975,5770,,,,,Full Series Name: Host Connected
08/22/10 22:00:00.0,5796,5128,,,,,Launch Name: 9724974
08/22/10 23:00:00.0,5616,4740,,,,,Deployment Number: 1
08/23/10 00:00:00.0,5154,4506,,,,,Launch Time: 08/18/10 01:09:01 GMT-07:00 PM
08/23/10 01:00:00.0,4869,4168,,,,,Launch GMT Offset: -7 Hr 0 Min
08/23/10 02:00:00.0,4818,4246,,,,,Battery at Launch: 3.43 Volts
08/23/10 03:00:00.0,4662,4168,,,,,Series Statistics
08/23/10 04:00:00.0,4740,3722,,,,,Samples: 3
08/23/10 05:00:00.0,4766,3063,,,,,First Sample Time: 07/27/11 11:44:42 GMT-07:00 AM
08/23/10 06:00:00.0,4220,2477,,,,,Last Sample Time: 07/27/11 11:51:52 GMT-07:00 AM
08/23/10 07:00:00.0,4428,2155,,,,,Event Type: End Of File
08/23/10 08:00:00.0,4688,2530,,,,,Devices
08/23/10 09:00:00.0,5024,4376,,,,,Device Info
08/23/10 10:00:00.0,6179,6357,,,,,Product: HOBO U23-003 Temp/Temp
08/23/10 11:00:00.0,6611,8792,,,,,Serial Number: 9724974
08/23/10 12:00:00.0,6585,8568,,,,,Version Number: 1.09
08/23/10 13:00:00.0,6230,8693,,,,,Manufacturer: Onset Computer Corporation
08/23/10 14:00:00.0,6331,9410,,,,,Device Memory: 65536
08/23/10 15:00:00.0,6331,9854,,,,,Header Created: 08/18/10 10:08:42 GMT-07:00 AM
08/23/10 16:00:00.0,5975,9583,,,,,Deployment Info
08/23/10 17:00:00.0,5745,9509,,,,,Full Series Name: End Of File
08/23/10 18:00:00.0,5385,8643,,,,,Launch Name: 9724974
08/23/10 19:00:00.0,5308,7970,,,,,Deployment Number: 1
08/23/10 20:00:00.0,5231,7268,,,,,Launch Time: 08/18/10 01:09:01 GMT-07:00 PM
08/23/10 21:00:00.0,5024,6306,,,,,Launch GMT Offset: -7 Hr 0 Min
08/23/10 22:00:00.0,5128,5514,,,,,Battery at Launch: 3.43 Volts
08/23/10 23:00:00.0,4740,4844,,,,,Series Statistics
08/24/10 00:00:00.0,4921,4844,,,,,Samples: 1
08/24/10 01:00:00.0,4818,4506,,,,,First Sample Time: 02/08/13 04:00:00 GMT-07:00 PM
08/24/10 02:00:00.0,4298,3670,,,,,Last Sample Time: 02/08/13 04:00:00 GMT-07:00 PM
08/24/10 03:00:00.0,4350,3459,,,,
08/24/10 04:00:00.0,4194,3617,,,,
08/24/10 05:00:00.0,4350,3617,,,,
08/24/10 06:00:00.0,4298,4115,,,,
08/24/10 07:00:00.0,3932,3958,,,,
08/24/10 08:00:00.0,4636,4350,,,,
08/24/10 09:00:00.0,4558,5024,,,,
08/24/10 10:00:00.0,4636,6560,,,,
08/24/10 11:00:00.0,5898,9682,,,,
08/24/10 12:00:00.0,6102,10614,,,,
08/24/10 13:00:00.0,6204,10026,,,,
08/24/10 14:00:00.0,6965,11759,,,,
08/24/10 15:00:00.0,7770,13473,,,,
08/24/10 16:00:00.0,6813,11832,,,,
08/24/10 17:00:00.0,7745,12847,,,,
08/24/10 18:00:00.0,8070,12558,,,,
08/24/10 19:00:00.0,7770,12606,,,,
08/24/10 20:00:00.0,6940,9829,,,,
08/24/10 21:00:00.0,6661,8045,,,,
08/24/10 22:00:00.0,6889,7066,,,,
08/24/10 23:00:00.0,5975,6636,,,,
08/25/10 00:00:00.0,5898,6357,,,,
08/25/10 01:00:00.0,5821,6102,,,,
08/25/10 02:00:00.0,5360,6026,,,,
08/25/10 03:00:00.0,5154,6000,,,,
08/25/10 04:00:00.0,4947,5796,,,,
08/25/10 05:00:00.0,4454,5565,,,,
08/25/10 06:00:00.0,4454,5282,,,,
08/25/10 07:00:00.0,4011,5076,,,,
08/25/10 08:00:00.0,4194,5257,,,,
08/25/10 09:00:00.0,4376,5949,,,,
08/25/10 10:00:00.0,4532,6788,,,,
08/25/10 11:00:00.0,4818,9287,,,,
08/25/10 12:00:00.0,5539,10736,,,,
08/25/10 13:00:00.0,5719,10565,,,,
08/25/10 14:00:00.0,5847,10320,,,,
08/25/10 15:00:00.0,6763,13522,,,,
08/25/10 16:00:00.0,6357,15557,,,,
08/25/10 17:00:00.0,5924,10345,,,,
08/25/10 18:00:00.0,6077,10394,,,,
08/25/10 19:00:00.0,6051,11127,,,,
08/25/10 20:00:00.0,5102,9139,,,,
08/25/10 21:00:00.0,4947,7569,,,,
08/25/10 22:00:00.0,5076,6763,,,,
08/25/10 23:00:00.0,4792,6433,,,,
08/26/10 00:00:00.0,4818,6102,,,,
08/26/10 01:00:00.0,4610,5898,,,,
08/26/10 02:00:00.0,4506,5693,,,,
08/26/10 03:00:00.0,4376,5385,,,,
08/26/10 04:00:00.0,4246,5282,,,,
08/26/10 05:00:00.0,4298,4454,,,,
08/26/10 06:00:00.0,4506,4740,,,,
08/26/10 07:00:00.0,4376,4792,,,,
08/26/10 08:00:00.0,4610,4947,,,,
08/26/10 09:00:00.0,4610,5179,,,,
08/26/10 10:00:00.0,4714,5949,,,,
08/26/10 11:00:00.0,4766,6864,,,,
08/26/10 12:00:00.0,4792,7066,,,,
08/26/10 13:00:00.0,5437,9460,,,,
08/26/10 14:00:00.0,6408,10001,,,,
08/26/10 15:00:00.0,4376,6788,,,,
08/26/10 16:00:00.0,4921,2956,,,,
08/26/10 17:00:00.0,6611,8817,,,,
08/26/10 18:00:00.0,6611,12340,,,,
08/26/10 19:00:00.0,5847,8444,,,,
08/26/10 20:00:00.0,7217,8344,,,,
08/26/10 21:00:00.0,5565,6509,,,,
08/26/10 22:00:00.0,5616,3906,,,,
08/26/10 23:00:00.0,5282,2983,,,,
08/27/10 00:00:00.0,5179,2021,,,,
08/27/10 01:00:00.0,4895,1534,,,,
08/27/10 02:00:00.0,4584,0770,,,,
08/27/10 03:00:00.0,4636,1017,,,,
08/27/10 04:00:00.0,4194,1153,,,,
08/27/10 05:00:00.0,3985,1099,,,,
08/27/10 06:00:00.0,3827,1071,,,,
08/27/10 07:00:00.0,3880,1044,,,,
08/27/10 08:00:00.0,4063,1071,,,,
08/27/10 09:00:00.0,4350,1099,,,,
08/27/10 10:00:00.0,4921,1099,,,,
08/27/10 11:00:00.0,5975,1235,,,,
08/27/10 12:00:00.0,6990,7519,,,,
08/27/10 13:00:00.0,8469,11248,,,,
08/27/10 14:00:00.0,9509,13281,,,,
08/27/10 15:00:00.0,10051,12799,,,,
08/27/10 16:00:00.0,10467,11467,,,,
08/27/10 17:00:00.0,11078,12219,,,,
08/27/10 18:00:00.0,11589,14721,,,,
08/27/10 19:00:00.0,11248,14721,,,,
08/27/10 20:00:00.0,9903,11565,,,,
08/27/10 21:00:00.0,7217,8444,,,,
08/27/10 22:00:00.0,5591,5257,,,,
08/27/10 23:00:00.0,5257,4063,,,,
08/28/10 00:00:00.0,4999,3354,,,,
08/28/10 01:00:00.0,4454,2717,,,,
08/28/10 02:00:00.0,4246,2316,,,,
08/28/10 03:00:00.0,4194,1913,,,,
08/28/10 04:00:00.0,3696,1615,,,,
08/28/10 05:00:00.0,3564,1425,,,,
08/28/10 06:00:00.0,3485,1208,,,,
08/28/10 07:00:00.0,3274,0989,,,,
08/28/10 08:00:00.0,3433,1153,,,,
08/28/10 09:00:00.0,3880,1289,,,,
08/28/10 10:00:00.0,4506,1534,,,,
08/28/10 11:00:00.0,6128,1913,,,,
08/28/10 12:00:00.0,7015,6864,,,,
08/28/10 13:00:00.0,7594,9460,,,,
08/28/10 14:00:00.0,8519,11005,,,,
08/28/10 15:00:00.0,8742,10541,,,,
08/28/10 16:00:00.0,8220,11880,,,,
08/28/10 17:00:00.0,8419,11589,,,,
08/28/10 18:00:00.0,8095,10883,,,,
08/28/10 19:00:00.0,7041,9682,,,,
08/28/10 20:00:00.0,6408,7720,,,,
08/28/10 21:00:00.0,5745,5847,,,,
08/28/10 22:00:00.0,5308,4506,,,,
08/28/10 23:00:00.0,4973,3801,,,,
08/29/10 00:00:00.0,5154,3958,,,,
08/29/10 01:00:00.0,4947,3880,,,,
08/29/10 02:00:00.0,4168,3274,,,,
08/29/10 03:00:00.0,3749,2155,,,,
08/29/10 04:00:00.0,4350,2370,,,,
08/29/10 05:00:00.0,4298,2983,,,,
08/29/10 06:00:00.0,3880,2770,,,,
08/29/10 07:00:00.0,4063,2450,,,,
08/29/10 08:00:00.0,4037,3195,,,,
08/29/10 09:00:00.0,4584,5385,,,,
08/29/10 10:00:00.0,4869,7720,,,,
08/29/10 11:00:00.0,5437,9534,,,,
08/29/10 12:00:00.0,6357,11662,,,,
08/29/10 13:00:00.0,6102,11321,,,,
08/29/10 14:00:00.0,7569,11710,,,,
08/29/10 15:00:00.0,9952,12799,,,,
08/29/10 16:00:00.0,9558,11492,,,,
08/29/10 17:00:00.0,11005,14146,,,,
08/29/10 18:00:00.0,11565,14577,,,,
08/29/10 19:00:00.0,10907,14242,,,,
08/29/10 20:00:00.0,9780,11613,,,,
08/29/10 21:00:00.0,8369,8070,,,,
08/29/10 22:00:00.0,7116,4428,,,,
08/29/10 23:00:00.0,7116,2664,,,,
08/30/10 00:00:00.0,7217,2610,,,,
08/30/10 01:00:00.0,7318,3932,,,,
08/30/10 02:00:00.0,6763,3485,,,,
08/30/10 03:00:00.0,6255,2690,,,,
08/30/10 04:00:00.0,5872,1832,,,,
08/30/10 05:00:00.0,5847,1561,,,,
08/30/10 06:00:00.0,5949,2503,,,,
08/30/10 07:00:00.0,5360,2370,,,,
08/30/10 08:00:00.0,5179,2289,,,,
08/30/10 09:00:00.0,5591,2530,,,,
08/30/10 10:00:00.0,5975,2744,,,,
08/30/10 11:00:00.0,7015,2903,,,,
08/30/10 12:00:00.0,8045,7770,,,,
08/30/10 13:00:00.0,10271,11467,,,,
08/30/10 14:00:00.0,9509,13016,,,,
08/30/10 15:00:00.0,10541,12630,,,,
08/30/10 16:00:00.0,10541,10638,,,,
08/30/10 17:00:00.0,11565,11419,,,,
08/30/10 18:00:00.0,11783,12485,,,,
08/30/10 19:00:00.0,11419,12050,,,,
08/30/10 20:00:00.0,11078,11589,,,,
08/30/10 21:00:00.0,8295,8891,,,,
08/30/10 22:00:00.0,7469,7066,,,,
08/30/10 23:00:00.0,7268,6509,,,,
08/31/10 00:00:00.0,6560,6153,,,,
08/31/10 01:00:00.0,5257,5642,,,,
08/31/10 02:00:00.0,5642,5334,,,,
08/31/10 03:00:00.0,5462,4350,,,,
08/31/10 04:00:00.0,5257,3564,,,,
08/31/10 05:00:00.0,5411,4194,,,,
08/31/10 06:00:00.0,5462,4480,,,,
08/31/10 07:00:00.0,5719,4324,,,,
08/31/10 08:00:00.0,5770,4584,,,,
08/31/10 09:00:00.0,6255,5745,,,,
08/31/10 10:00:00.0,5719,6737,,,,
08/31/10 11:00:00.0,6128,8742,,,,
08/31/10 12:00:00.0,6408,9361,,,,
08/31/10 13:00:00.0,6712,10883,,,,
08/31/10 14:00:00.0,7268,10614,,,,
08/31/10 15:00:00.0,7870,13305,,,,
08/31/10 16:00:00.0,6788,11929,,,,
08/31/10 17:00:00.0,7645,12534,,,,
08/31/10 18:00:00.0,7368,11273,,,,
08/31/10 19:00:00.0,6509,8295,,,,
08/31/10 20:00:00.0,6458,8295,,,,
08/31/10 21:00:00.0,6255,7368,,,,
08/31/10 22:00:00.0,5745,6051,,,,
08/31/10 23:00:00.0,6000,5437,,,,
09/01/10 00:00:00.0,5949,5385,,,,
09/01/10 01:00:00.0,5898,5231,,,,
09/01/10 02:00:00.0,5949,5128,,,,
09/01/10 03:00:00.0,5975,5102,,,,
09/01/10 04:00:00.0,6153,5179,,,,
09/01/10 05:00:00.0,6051,5076,,,,
09/01/10 06:00:00.0,6026,5179,,,,
09/01/10 07:00:00.0,5898,5128,,,,
09/01/10 08:00:00.0,5872,5437,,,,
09/01/10 09:00:00.0,6077,6051,,,,
09/01/10 10:00:00.0,6255,6611,,,,
09/01/10 11:00:00.0,7293,7820,,,,
09/01/10 12:00:00.0,7393,9139,,,,
09/01/10 13:00:00.0,9064,10956,,,,
09/01/10 14:00:00.0,9854,12364,,,,
09/01/10 15:00:00.0,8717,11613,,,,
09/01/10 16:00:00.0,8916,12001,,,,
09/01/10 17:00:00.0,8668,12001,,,,
09/01/10 18:00:00.0,7393,9903,,,,
09/01/10 19:00:00.0,7066,8965,,,,
09/01/10 20:00:00.0,6357,7469,,,,
09/01/10 21:00:00.0,6179,6179,,,,
09/01/10 22:00:00.0,5642,5360,,,,
09/01/10 23:00:00.0,5591,4792,,,,
09/02/10 00:00:00.0,5437,4454,,,,
09/02/10 01:00:00.0,4636,4168,,,,
09/02/10 02:00:00.0,4792,4141,,,,
09/02/10 03:00:00.0,4480,4141,,,,
09/02/10 04:00:00.0,3880,4141,,,,
09/02/10 05:00:00.0,3827,4115,,,,
09/02/10 06:00:00.0,3801,4089,,,,
09/02/10 07:00:00.0,3538,3880,,,,
09/02/10 08:00:00.0,1940,2182,,,,
09/02/10 09:00:00.0,1344,0632,,,,
09/02/10 10:00:00.0,1751,2477,,,,
09/02/10 11:00:00.0,2101,3248,,,,
09/02/10 12:00:00.0,2664,6051,,,,
09/02/10 13:00:00.0,3749,8444,,,,
09/02/10 14:00:00.0,4973,9756,,,,
09/02/10 15:00:00.0,5385,11759,,,,
09/02/10 16:00:00.0,5924,10834,,,,
09/02/10 17:00:00.0,6560,10051,,,,
09/02/10 18:00:00.0,6788,9040,,,,
09/02/10 19:00:00.0,7167,9139,,,,
09/02/10 20:00:00.0,6000,8070,,,,
09/02/10 21:00:00.0,5616,6102,,,,
09/02/10 22:00:00.0,5360,4506,,,,
09/02/10 23:00:00.0,4921,3854,,,,
09/03/10 00:00:00.0,4714,3036,,,,
09/03/10 01:00:00.0,4506,2903,,,,
09/03/10 02:00:00.0,4272,2744,,,,
09/03/10 03:00:00.0,3354,1832,,,,
09/03/10 04:00:00.0,3985,1507,,,,
09/03/10 05:00:00.0,3749,1344,,,,
09/03/10 06:00:00.0,2823,1317,,,,
09/03/10 07:00:00.0,2983,1480,,,,
09/03/10 08:00:00.0,3221,2557,,,,
09/03/10 09:00:00.0,3433,3512,,,,
09/03/10 10:00:00.0,3459,4063,,,,
09/03/10 11:00:00.0,3775,5257,,,,
09/03/10 12:00:00.0,4115,6712,,,,
09/03/10 13:00:00.0,4402,7318,,,,
09/03/10 14:00:00.0,4869,9731,,,,
09/03/10 15:00:00.0,4636,9583,,,,
09/03/10 16:00:00.0,5282,9829,,,,
09/03/10 17:00:00.0,5693,10687,,,,
09/03/10 18:00:00.0,7091,10932,,,,
09/03/10 19:00:00.0,6255,11492,,,,
09/03/10 20:00:00.0,5024,8270,,,,
09/03/10 21:00:00.0,4766,6636,,,,
09/03/10 22:00:00.0,4558,5770,,,,
09/03/10 23:00:00.0,4792,5334,,,,
09/04/10 00:00:00.0,4636,5154,,,,
09/04/10 01:00:00.0,4480,5024,,,,
09/04/10 02:00:00.0,4246,4895,,,,
09/04/10 03:00:00.0,4011,4610,,,,
09/04/10 04:00:00.0,4220,4324,,,,
09/04/10 05:00:00.0,4141,4324,,,,
09/04/10 06:00:00.0,4011,4194,,,,
09/04/10 07:00:00.0,4402,4037,,,,
09/04/10 08:00:00.0,4324,4141,,,,
09/04/10 09:00:00.0,4584,5076,,,,
09/04/10 10:00:00.0,4636,7192,,,,
09/04/10 11:00:00.0,5257,8965,,,,
09/04/10 12:00:00.0,6611,10761,,,,
09/04/10 13:00:00.0,7795,11443,,,,
09/04/10 14:00:00.0,9361,12992,,,,
09/04/10 15:00:00.0,8742,13064,,,,
09/04/10 16:00:00.0,10492,13522,,,,
09/04/10 17:00:00.0,10492,13449,,,,
09/04/10 18:00:00.0,10785,12630,,,,
09/04/10 19:00:00.0,10001,11151,,,,
09/04/10 20:00:00.0,9064,9188,,,,
09/04/10 21:00:00.0,6357,6077,,,,
09/04/10 22:00:00.0,5024,4454,,,,
09/04/10 23:00:00.0,4869,3775,,,,
09/05/10 00:00:00.0,4115,3142,,,,
09/05/10 01:00:00.0,3854,2690,,,,
09/05/10 02:00:00.0,3512,2316,,,,
09/05/10 03:00:00.0,3433,2101,,,,
09/05/10 04:00:00.0,3248,1967,,,,
09/05/10 05:00:00.0,3327,1832,,,,
09/05/10 06:00:00.0,3221,1751,,,,
09/05/10 07:00:00.0,2423,1344,,,,
09/05/10 08:00:00.0,3643,2021,,,,
09/05/10 09:00:00.0,4246,3380,,,,
09/05/10 10:00:00.0,4037,4402,,,,
09/05/10 11:00:00.0,3142,4662,,,,
09/05/10 12:00:00.0,2690,4869,,,,
09/05/10 13:00:00.0,2450,4973,,,,
09/05/10 14:00:00.0,2343,4818,,,,
09/05/10 15:00:00.0,2370,5437,,,,
09/05/10 16:00:00.0,1967,5179,,,,
09/05/10 17:00:00.0,2396,4869,,,,
09/05/10 18:00:00.0,1697,4714,,,,
09/05/10 19:00:00.0,1994,3775,,,,
09/05/10 20:00:00.0,2047,4194,,,,
09/05/10 21:00:00.0,1778,3617,,,,
09/05/10 22:00:00.0,1913,3168,,,,
09/05/10 23:00:00.0,1751,2930,,,,
09/06/10 00:00:00.0,2047,2823,,,,
09/06/10 01:00:00.0,2021,2770,,,,
09/06/10 02:00:00.0,1832,2717,,,,
09/06/10 03:00:00.0,2021,2770,,,,
09/06/10 04:00:00.0,2128,2797,,,,
09/06/10 05:00:00.0,2155,2850,,,,
09/06/10 06:00:00.0,2128,2850,,,,
09/06/10 07:00:00.0,2236,2877,,,,
09/06/10 08:00:00.0,2343,3009,,,,
09/06/10 09:00:00.0,2610,3801,,,,
09/06/10 10:00:00.0,3168,5179,,,,
09/06/10 11:00:00.0,3538,5385,,,,
09/06/10 12:00:00.0,4037,6204,,,,
09/06/10 13:00:00.0,4220,6255,,,,
09/06/10 14:00:00.0,4454,5821,,,,
09/06/10 15:00:00.0,4480,5770,,,,
09/06/10 16:00:00.0,4973,6458,,,,
09/06/10 17:00:00.0,5076,6509,,,,
09/06/10 18:00:00.0,5257,6306,,,,
09/06/10 19:00:00.0,5385,6153,,,,
09/06/10 20:00:00.0,5514,5975,,,,
09/06/10 21:00:00.0,5616,5770,,,,
09/06/10 22:00:00.0,5693,5668,,,,
09/06/10 23:00:00.0,5539,5360,,,,
09/07/10 00:00:00.0,5591,5282,,,,
09/07/10 01:00:00.0,5539,5231,,,,
09/07/10 02:00:00.0,5282,4063,,,,
09/07/10 03:00:00.0,5154,3248,,,,
09/07/10 04:00:00.0,4844,2101,,,,
09/07/10 05:00:00.0,4454,1153,,,,
09/07/10 06:00:00.0,4714,1208,,,,
09/07/10 07:00:00.0,4454,1099,,,,
09/07/10 08:00:00.0,4428,0989,,,,
09/07/10 09:00:00.0,4324,0962,,,,
09/07/10 10:00:00.0,4194,0934,,,,
09/07/10 11:00:00.0,5462,0962,,,,
09/07/10 12:00:00.0,6965,3036,,,,
09/07/10 13:00:00.0,8593,7469,,,,
09/07/10 14:00:00.0,9756,10026,,,,
09/07/10 15:00:00.0,11175,11443,,,,
09/07/10 16:00:00.0,12389,10247,,,,
09/07/10 17:00:00.0,12485,10614,,,,
09/07/10 18:00:00.0,10980,10198,,,,
09/07/10 19:00:00.0,11540,9238,,,,
09/07/10 20:00:00.0,10443,7519,,,,
09/07/10 21:00:00.0,10026,6204,,,,
09/07/10 22:00:00.0,9435,5334,,,,
09/07/10 23:00:00.0,9287,4895,,,,
09/08/10 00:00:00.0,8891,4766,,,,
09/08/10 01:00:00.0,8767,4869,,,,
09/08/10 02:00:00.0,8593,4999,,,,
09/08/10 03:00:00.0,8344,5102,,,,
09/08/10 04:00:00.0,7970,5024,,,,
09/08/10 05:00:00.0,7745,4947,,,,
09/08/10 06:00:00.0,7720,4869,,,,
09/08/10 07:00:00.0,7519,4714,,,,
09/08/10 08:00:00.0,7544,4688,,,,
09/08/10 09:00:00.0,7393,4246,,,,
09/08/10 10:00:00.0,7770,3932,,,,
09/08/10 11:00:00.0,8767,5128,,,,
09/08/10 12:00:00.0,9509,8195,,,,
09/08/10 13:00:00.0,9632,10198,,,,
09/08/10 14:00:00.0,9460,11321,,,,
09/08/10 15:00:00.0,8568,10345,,,,
09/08/10 16:00:00.0,7217,9064,,,,
09/08/10 17:00:00.0,7217,7970,,,,
09/08/10 18:00:00.0,7419,7745,,,,
09/08/10 19:00:00.0,8120,8295,,,,
09/08/10 20:00:00.0,6864,7015,,,,
09/08/10 21:00:00.0,6560,5770,,,,
09/08/10 22:00:00.0,6484,5385,,,,
09/08/10 23:00:00.0,6433,5024,,,,
09/09/10 00:00:00.0,6077,4402,,,,
09/09/10 01:00:00.0,5796,3985,,,,
09/09/10 02:00:00.0,5308,3591,,,,
09/09/10 03:00:00.0,5514,3801,,,,
09/09/10 04:00:00.0,5385,3512,,,,
09/09/10 05:00:00.0,4714,2503,,,,
09/09/10 06:00:00.0,5076,2289,,,,
09/09/10 07:00:00.0,5308,3009,,,,
09/09/10 08:00:00.0,4947,3116,,,,
09/09/10 09:00:00.0,5282,3854,,,,
09/09/10 10:00:00.0,5693,4766,,,,
09/09/10 11:00:00.0,6990,6712,,,,
09/09/10 12:00:00.0,7268,9262,,,,
09/09/10 13:00:00.0,6763,10492,,,,
09/09/10 14:00:00.0,6813,9410,,,,
09/09/10 15:00:00.0,6864,11029,,,,
09/09/10 16:00:00.0,6255,9410,,,,
09/09/10 17:00:00.0,5385,7419,,,,
09/09/10 18:00:00.0,5693,7920,,,,
09/09/10 19:00:00.0,5360,7015,,,,
09/09/10 20:00:00.0,5308,6128,,,,
09/09/10 21:00:00.0,5179,5231,,,,
09/09/10 22:00:00.0,4921,4610,,,,
09/09/10 23:00:00.0,4740,4063,,,,
09/10/10 00:00:00.0,4532,3617,,,,
09/10/10 01:00:00.0,4246,2717,,,,
09/10/10 02:00:00.0,3827,1913,,,,
09/10/10 03:00:00.0,3670,1805,,,,
09/10/10 04:00:00.0,2983,1317,,,,
09/10/10 05:00:00.0,3538,1615,,,,
09/10/10 06:00:00.0,3327,2236,,,,
09/10/10 07:00:00.0,3036,2316,,,,
09/10/10 08:00:00.0,2983,2610,,,,
09/10/10 09:00:00.0,3089,3538,,,,
09/10/10 10:00:00.0,3406,5076,,,,
09/10/10 11:00:00.0,3749,7393,,,,
09/10/10 12:00:00.0,3985,8593,,,,
09/10/10 13:00:00.0,4610,9534,,,,
09/10/10 14:00:00.0,4298,8095,,,,
09/10/10 15:00:00.0,4740,7970,,,,
09/10/10 16:00:00.0,3801,7670,,,,
09/10/10 17:00:00.0,4141,8120,,,,
09/10/10 18:00:00.0,4428,7720,,,,
09/10/10 19:00:00.0,4584,7268,,,,
09/10/10 20:00:00.0,4662,6687,,,,
09/10/10 21:00:00.0,4610,5847,,,,
09/10/10 22:00:00.0,4220,5231,,,,
09/10/10 23:00:00.0,4558,5050,,,,
09/11/10 00:00:00.0,4298,4999,,,,
09/11/10 01:00:00.0,4662,4947,,,,
09/11/10 02:00:00.0,4844,5024,,,,
09/11/10 03:00:00.0,4792,5024,,,,
09/11/10 04:00:00.0,4558,4584,,,,
09/11/10 05:00:00.0,4688,4376,,,,
09/11/10 06:00:00.0,4947,4766,,,,
09/11/10 07:00:00.0,5024,4584,,,,
09/11/10 08:00:00.0,5024,4921,,,,
09/11/10 09:00:00.0,4947,5437,,,,
09/11/10 10:00:00.0,5308,7041,,,,
09/11/10 11:00:00.0,5745,9336,,,,
09/11/10 12:00:00.0,6204,10394,,,,
09/11/10 13:00:00.0,6357,10687,,,,
09/11/10 14:00:00.0,7920,12775,,,,
09/11/10 15:00:00.0,6509,12871,,,,
09/11/10 16:00:00.0,7594,12896,,,,
09/11/10 17:00:00.0,7015,11783,,,,
09/11/10 18:00:00.0,7619,11734,,,,
09/11/10 19:00:00.0,7544,9213,,,,
09/11/10 20:00:00.0,7167,8245,,,,
09/11/10 21:00:00.0,6611,6560,,,,
09/11/10 22:00:00.0,5360,5514,,,,
09/11/10 23:00:00.0,5719,4895,,,,
09/12/10 00:00:00.0,4844,3801,,,,
09/12/10 01:00:00.0,4973,2823,,,,
09/12/10 02:00:00.0,4402,2450,,,,
09/12/10 03:00:00.0,4480,1886,,,,
09/12/10 04:00:00.0,3248,1805,,,,
09/12/10 05:00:00.0,3906,1398,,,,
09/12/10 06:00:00.0,3591,1317,,,,
09/12/10 07:00:00.0,3221,0934,,,,
09/12/10 08:00:00.0,3670,0770,,,,
09/12/10 09:00:00.0,4272,1778,,,,
09/12/10 10:00:00.0,4376,3564,,,,
09/12/10 11:00:00.0,4246,3801,,,,
09/12/10 12:00:00.0,5050,4194,,,,
09/12/10 13:00:00.0,6458,7770,,,,
09/12/10 14:00:00.0,6636,8965,,,,
09/12/10 15:00:00.0,7920,10075,,,,
09/12/10 16:00:00.0,8170,10614,,,,
09/12/10 17:00:00.0,7920,10222,,,,
09/12/10 18:00:00.0,8866,10075,,,,
09/12/10 19:00:00.0,8319,9089,,,,
09/12/10 20:00:00.0,7318,7167,,,,
09/12/10 21:00:00.0,7015,5179,,,,
09/12/10 22:00:00.0,6484,4141,,,,
09/12/10 23:00:00.0,6560,3301,,,,
09/13/10 00:00:00.0,6331,2236,,,,
09/13/10 01:00:00.0,6357,2503,,,,
09/13/10 02:00:00.0,5411,1561,,,,
09/13/10 03:00:00.0,5539,0770,,,,
09/13/10 04:00:00.0,5462,1044,,,,
09/13/10 05:00:00.0,5231,0989,,,,
09/13/10 06:00:00.0,4688,0852,,,,
09/13/10 07:00:00.0,4350,0715,,,,
09/13/10 08:00:00.0,4376,0632,,,,
09/13/10 09:00:00.0,4428,0550,,,,
09/13/10 10:00:00.0,4999,0522,,,,
09/13/10 11:00:00.0,4662,0495,,,,
09/13/10 12:00:00.0,6712,0495,,,,
09/13/10 13:00:00.0,7670,0550,,,,
09/13/10 14:00:00.0,7945,3722,,,,
09/13/10 15:00:00.0,9089,7116,,,,
09/13/10 16:00:00.0,9780,6864,,,,
09/13/10 17:00:00.0,10638,7167,,,,
09/13/10 18:00:00.0,10736,9015,,,,
09/13/10 19:00:00.0,10198,8070,,,,
09/13/10 20:00:00.0,9608,6281,,,,
09/13/10 21:00:00.0,7318,3009,,,,
09/13/10 22:00:00.0,7519,2047,,,,
09/13/10 23:00:00.0,7066,1453,,,,
09/14/10 00:00:00.0,6687,1099,,,,
09/14/10 01:00:00.0,6737,0852,,,,
09/14/10 02:00:00.0,6509,0632,,,,
09/14/10 03:00:00.0,6255,0467,,,,
09/14/10 04:00:00.0,5462,0329,,,,
09/14/10 05:00:00.0,6306,0273,,,,
09/14/10 06:00:00.0,5796,0301,,,,
09/14/10 07:00:00.0,5693,0329,,,,
09/14/10 08:00:00.0,5437,0356,,,,
09/14/10 09:00:00.0,5898,0384,,,,
09/14/10 10:00:00.0,5539,0439,,,,
09/14/10 11:00:00.0,5693,0467,,,,
09/14/10 12:00:00.0,6712,0522,,,,
09/14/10 13:00:00.0,7594,1913,,,,
09/14/10 14:00:00.0,8841,5745,,,,
09/14/10 15:00:00.0,10467,7770,,,,
09/14/10 16:00:00.0,10932,7695,,,,
09/14/10 17:00:00.0,10932,8519,,,,
09/14/10 18:00:00.0,11053,8916,,,,
09/14/10 19:00:00.0,10492,8270,,,,
09/14/10 20:00:00.0,9706,6661,,,,
09/14/10 21:00:00.0,9040,5128,,,,
09/14/10 22:00:00.0,8717,4011,,,,
09/14/10 23:00:00.0,8469,3221,,,,
09/15/10 00:00:00.0,8145,2182,,,,
09/15/10 01:00:00.0,7619,1507,,,,
09/15/10 02:00:00.0,7091,1344,,,,
09/15/10 03:00:00.0,6788,0687,,,,
09/15/10 04:00:00.0,6712,1017,,,,
09/15/10 05:00:00.0,6687,0962,,,,
09/15/10 06:00:00.0,5257,0825,,,,
09/15/10 07:00:00.0,5437,0660,,,,
09/15/10 08:00:00.0,6102,0522,,,,
09/15/10 09:00:00.0,5437,0439,,,,
09/15/10 10:00:00.0,5796,0439,,,,
09/15/10 11:00:00.0,5770,0412,,,,
09/15/10 12:00:00.0,7419,0439,,,,
09/15/10 13:00:00.0,8195,0522,,,,
09/15/10 14:00:00.0,9534,4584,,,,
09/15/10 15:00:00.0,10590,6712,,,,
09/15/10 16:00:00.0,11297,6408,,,,
09/15/10 17:00:00.0,11662,6331,,,,
09/15/10 18:00:00.0,11734,7419,,,,
09/15/10 19:00:00.0,11370,7368,,,,
09/15/10 20:00:00.0,10590,6051,,,,
09/15/10 21:00:00.0,9238,3696,,,,
09/15/10 22:00:00.0,9583,1913,,,,
09/15/10 23:00:00.0,9238,1289,,,,
09/16/10 00:00:00.0,9064,0797,,,,
09/16/10 01:00:00.0,9040,0660,,,,
09/16/10 02:00:00.0,8543,0852,,,,
09/16/10 03:00:00.0,7594,0852,,,,
09/16/10 04:00:00.0,8045,0742,,,,
09/16/10 05:00:00.0,7368,0605,,,,
09/16/10 06:00:00.0,6560,0522,,,,
09/16/10 07:00:00.0,7066,0495,,,,
09/16/10 08:00:00.0,6560,0467,,,,
09/16/10 09:00:00.0,6255,0439,,,,
09/16/10 10:00:00.0,6636,0439,,,,
09/16/10 11:00:00.0,6255,0439,,,,
09/16/10 12:00:00.0,7594,0495,,,,
09/16/10 13:00:00.0,9139,0770,,,,
09/16/10 14:00:00.0,10051,6026,,,,
09/16/10 15:00:00.0,11807,8270,,,,
09/16/10 16:00:00.0,12147,7343,,,,
09/16/10 17:00:00.0,12219,7217,,,,
09/16/10 18:00:00.0,12437,8095,,,,
09/16/10 19:00:00.0,11977,7720,,,,
09/16/10 20:00:00.0,10956,5898,,,,
09/16/10 21:00:00.0,9756,3036,,,,
09/16/10 22:00:00.0,9558,1615,,,,
09/16/10 23:00:00.0,9139,1480,,,,
09/17/10 00:00:00.0,9163,1398,,,,
09/17/10 01:00:00.0,8891,1235,,,,
09/17/10 02:00:00.0,8394,1099,,,,
09/17/10 03:00:00.0,8120,1398,,,,
09/17/10 04:00:00.0,7895,1697,,,,
09/17/10 05:00:00.0,7945,1751,,,,
09/17/10 06:00:00.0,7920,1778,,,,
09/17/10 07:00:00.0,8145,1859,,,,
09/17/10 08:00:00.0,8369,1643,,,,
09/17/10 09:00:00.0,8841,2450,,,,
09/17/10 10:00:00.0,9163,3354,,,,
09/17/10 11:00:00.0,9509,4714,,,,
09/17/10 12:00:00.0,11346,6000,,,,
09/17/10 13:00:00.0,12219,8668,,,,
09/17/10 14:00:00.0,12606,11297,,,,
09/17/10 15:00:00.0,12558,12147,,,,
09/17/10 16:00:00.0,12823,12582,,,,
09/17/10 17:00:00.0,11686,11321,,,,
09/17/10 18:00:00.0,12847,10810,,,,
09/17/10 19:00:00.0,11904,9583,,,,
09/17/10 20:00:00.0,9534,6611,,,,
09/17/10 21:00:00.0,8841,3775,,,,
09/17/10 22:00:00.0,8170,2316,,,,
09/17/10 23:00:00.0,7569,1534,,,,
09/18/10 00:00:00.0,7444,1344,,,,
09/18/10 01:00:00.0,7293,1180,,,,
09/18/10 02:00:00.0,7720,1153,,,,
09/18/10 03:00:00.0,7217,1208,,,,
09/18/10 04:00:00.0,6914,1398,,,,
09/18/10 05:00:00.0,7116,1940,,,,
09/18/10 06:00:00.0,6281,2101,,,,
09/18/10 07:00:00.0,5616,1994,,,,
09/18/10 08:00:00.0,5154,1859,,,,
09/18/10 09:00:00.0,4792,1778,,,,
09/18/10 10:00:00.0,4740,2155,,,,
09/18/10 11:00:00.0,5179,1940,,,,
09/18/10 12:00:00.0,6661,2797,,,,
09/18/10 13:00:00.0,7619,4792,,,,
09/18/10 14:00:00.0,8195,6484,,,,
09/18/10 15:00:00.0,8195,7041,,,,
09/18/10 16:00:00.0,8319,7192,,,,
09/18/10 17:00:00.0,8270,6864,,,,
09/18/10 18:00:00.0,7920,6281,,,,
09/18/10 19:00:00.0,6331,4454,,,,
09/18/10 20:00:00.0,5565,3380,,,,
09/18/10 21:00:00.0,5128,2289,,,,
09/18/10 22:00:00.0,4350,1615,,,,
09/18/10 23:00:00.0,2664,0825,,,,
09/19/10 00:00:00.0,1778,0079,,,,
09/19/10 01:00:00.0,1262,0273,,,,
09/19/10 02:00:00.0,1071,0190,,,,
09/19/10 03:00:00.0,0412,(0004),,,,
09/19/10 04:00:00.0,(0088),(0116),,,,
09/19/10 05:00:00.0,(0227),(0339),,,,
09/19/10 06:00:00.0,(0789),(0563),,,,
09/19/10 07:00:00.0,(0902),(0732),,,,
09/19/10 08:00:00.0,(1242),(0902),,,,
09/19/10 09:00:00.0,(0676),(0930),,,,
09/19/10 10:00:00.0,(0648),(0958),,,,
09/19/10 11:00:00.0,(0143),(0930),,,,
09/19/10 12:00:00.0,0852,(0902),,,,
09/19/10 13:00:00.0,2503,(0255),,,,
09/19/10 14:00:00.0,3248,(0032),,,,
09/19/10 15:00:00.0,4063,0163,,,,
09/19/10 16:00:00.0,5102,0135,,,,
09/19/10 17:00:00.0,5231,0329,,,,
09/19/10 18:00:00.0,5334,0605,,,,
09/19/10 19:00:00.0,5024,0550,,,,
09/19/10 20:00:00.0,3301,0301,,,,
09/19/10 21:00:00.0,2155,0107,,,,
09/19/10 22:00:00.0,1778,(0116),,,,
09/19/10 23:00:00.0,1208,(0367),,,,
09/20/10 00:00:00.0,0550,(0704),,,,
09/20/10 01:00:00.0,0934,(0986),,,,
09/20/10 02:00:00.0,0825,(1356),,,,
09/20/10 03:00:00.0,0989,(1584),,,,
09/20/10 04:00:00.0,(0116),(1814),,,,
09/20/10 05:00:00.0,(1242),(2073),,,,
09/20/10 06:00:00.0,0107,(1958),,,,
09/20/10 07:00:00.0,(0817),(2334),,,,
09/20/10 08:00:00.0,(0423),(2363),,,,
09/20/10 09:00:00.0,(1128),(2421),,,,
09/20/10 10:00:00.0,(0451),(2305),,,,
09/20/10 11:00:00.0,(0032),(2392),,,,
09/20/10 12:00:00.0,1534,(2218),,,,
09/20/10 13:00:00.0,3485,(0845),,,,
09/20/10 14:00:00.0,4947,(0199),,,,
09/20/10 15:00:00.0,6331,0079,,,,
09/20/10 16:00:00.0,7293,0107,,,,
09/20/10 17:00:00.0,8170,0301,,,,
09/20/10 18:00:00.0,8120,0852,,,,
09/20/10 19:00:00.0,7469,0577,,,,
09/20/10 20:00:00.0,5282,(0004),,,,
09/20/10 21:00:00.0,4973,(0032),,,,
09/20/10 22:00:00.0,4506,(0116),,,,
09/20/10 23:00:00.0,3617,(0283),,,,
09/21/10 00:00:00.0,3327,(0451),,,,
09/21/10 01:00:00.0,3301,(0789),,,,
09/21/10 02:00:00.0,2877,(1015),,,,
09/21/10 03:00:00.0,2503,(1185),,,,
09/21/10 04:00:00.0,2262,(1470),,,,
09/21/10 05:00:00.0,1886,(1727),,,,
09/21/10 06:00:00.0,1751,(1699),,,,
09/21/10 07:00:00.0,1588,(1641),,,,
09/21/10 08:00:00.0,1778,(1527),,,,
09/21/10 09:00:00.0,1913,(1327),,,,
09/21/10 10:00:00.0,2182,(1185),,,,
09/21/10 11:00:00.0,2610,(1128),,,,
09/21/10 12:00:00.0,4194,(1185),,,,
09/21/10 13:00:00.0,5642,(0339),,,,
09/21/10 14:00:00.0,6661,0051,,,,
09/21/10 15:00:00.0,7870,0742,,,,
09/21/10 16:00:00.0,8369,0550,,,,
09/21/10 17:00:00.0,8095,0989,,,,
09/21/10 18:00:00.0,6763,1317,,,,
09/21/10 19:00:00.0,6128,0934,,,,
09/21/10 20:00:00.0,4037,0107,,,,
09/21/10 21:00:00.0,3248,(0032),,,,
09/21/10 22:00:00.0,3089,0079,,,,
09/21/10 23:00:00.0,2797,0051,,,,
09/22/10 00:00:00.0,2530,0079,,,,
09/22/10 01:00:00.0,2343,0107,,,,
09/22/10 02:00:00.0,2101,0051,,,,
09/22/10 03:00:00.0,2021,0024,,,,
09/22/10 04:00:00.0,1967,0024,,,,
09/22/10 05:00:00.0,1751,(0004),,,,
09/22/10 06:00:00.0,1751,(0032),,,,
09/22/10 07:00:00.0,1480,(0060),,,,
09/22/10 08:00:00.0,1099,(0116),,,,
09/22/10 09:00:00.0,1453,(0143),,,,
09/22/10 10:00:00.0,2128,(0004),,,,
09/22/10 11:00:00.0,2503,(0088),,,,
09/22/10 12:00:00.0,3906,(0088),,,,
09/22/10 13:00:00.0,4973,0024,,,,
09/22/10 14:00:00.0,5334,0605,,,,
09/22/10 15:00:00.0,6458,2797,,,,
09/22/10 16:00:00.0,6763,2930,,,,
09/22/10 17:00:00.0,6077,3591,,,,
09/22/10 18:00:00.0,5179,3722,,,,
09/22/10 19:00:00.0,4089,2717,,,,
09/22/10 20:00:00.0,3354,1262,,,,
09/22/10 21:00:00.0,3168,0880,,,,
09/22/10 22:00:00.0,2503,(0116),,,,
09/22/10 23:00:00.0,1724,(0676),,,,
09/23/10 00:00:00.0,1805,0024,,,,
09/23/10 01:00:00.0,1859,(0004),,,,
09/23/10 02:00:00.0,2289,0107,,,,
09/23/10 03:00:00.0,1643,0024,,,,
09/23/10 04:00:00.0,1071,(0060),,,,
09/23/10 05:00:00.0,1126,(0060),,,,
09/23/10 06:00:00.0,1099,(0060),,,,
09/23/10 07:00:00.0,0687,(0060),,,,
09/23/10 08:00:00.0,(1958),(0116),,,,
09/23/10 09:00:00.0,(1413),(0032),,,,
09/23/10 10:00:00.0,(1900),0024,,,,
09/23/10 11:00:00.0,(1498),0273,,,,
09/23/10 12:00:00.0,(0760),1507,,,,
09/23/10 13:00:00.0,(0958),3512,,,,
09/23/10 14:00:00.0,(1128),3406,,,,
09/23/10 15:00:00.0,(0732),4115,,,,
09/23/10 16:00:00.0,(0930),2930,,,,
09/23/10 17:00:00.0,(1015),1805,,,,
09/23/10 18:00:00.0,(1270),1371,,,,
09/23/10 19:00:00.0,(1527),1153,,,,
09/23/10 20:00:00.0,(1584),0962,,,,
09/23/10 21:00:00.0,(1756),0797,,,,
09/23/10 22:00:00.0,(1986),0715,,,,
09/23/10 23:00:00.0,(2044),0660,,,,
09/24/10 00:00:00.0,(2160),0660,,,,
09/24/10 01:00:00.0,(2160),0660,,,,
09/24/10 02:00:00.0,(2363),0660,,,,
09/24/10 03:00:00.0,(2392),0660,,,,
09/24/10 04:00:00.0,(2334),0660,,,,
09/24/10 05:00:00.0,(2334),0660,,,,
09/24/10 06:00:00.0,(2334),0660,,,,
09/24/10 07:00:00.0,(2421),0687,,,,
09/24/10 08:00:00.0,(2450),0687,,,,
09/24/10 09:00:00.0,(2044),0687,,,,
09/24/10 10:00:00.0,(1929),0715,,,,
09/24/10 11:00:00.0,(2131),0715,,,,
09/24/10 12:00:00.0,(1958),0715,,,,
09/24/10 13:00:00.0,(1613),0715,,,,
09/24/10 14:00:00.0,(1185),0715,,,,
09/24/10 15:00:00.0,(1043),0715,,,,
09/24/10 16:00:00.0,0024,0770,,,,
09/24/10 17:00:00.0,(0116),0770,,,,
09/24/10 18:00:00.0,(0171),0770,,,,
09/24/10 19:00:00.0,1208,0825,,,,
09/24/10 20:00:00.0,1913,0934,,,,
09/24/10 21:00:00.0,2343,0934,,,,
09/24/10 22:00:00.0,2289,0934,,,,
09/24/10 23:00:00.0,2182,0934,,,,
09/25/10 00:00:00.0,1832,0880,,,,
09/25/10 01:00:00.0,2370,0797,,,,
09/25/10 02:00:00.0,2074,0770,,,,
09/25/10 03:00:00.0,1859,0797,,,,
09/25/10 04:00:00.0,1344,0770,,,,
09/25/10 05:00:00.0,2289,0770,,,,
09/25/10 06:00:00.0,2396,0770,,,,
09/25/10 07:00:00.0,2477,0770,,,,
09/25/10 08:00:00.0,3036,0770,,,,
09/25/10 09:00:00.0,2101,0770,,,,
09/25/10 10:00:00.0,2610,0770,,,,
09/25/10 11:00:00.0,3696,0770,,,,
09/25/10 12:00:00.0,3617,0797,,,,
09/25/10 13:00:00.0,4688,0825,,,,
09/25/10 14:00:00.0,6026,0852,,,,
09/25/10 15:00:00.0,4636,0880,,,,
09/25/10 16:00:00.0,3538,0907,,,,
09/25/10 17:00:00.0,4246,0907,,,,
09/25/10 18:00:00.0,4662,0907,,,,
09/25/10 19:00:00.0,4584,1044,,,,
09/25/10 20:00:00.0,4324,1071,,,,
09/25/10 21:00:00.0,4428,1153,,,,
09/25/10 22:00:00.0,4194,1153,,,,
09/25/10 23:00:00.0,4194,1235,,,,
09/26/10 00:00:00.0,3274,1453,,,,
09/26/10 01:00:00.0,3142,1670,,,,
09/26/10 02:00:00.0,2503,1697,,,,
09/26/10 03:00:00.0,1940,0989,,,,
09/26/10 04:00:00.0,1317,0605,,,,
09/26/10 05:00:00.0,1344,0522,,,,
09/26/10 06:00:00.0,1832,0439,,,,
09/26/10 07:00:00.0,1724,0412,,,,
09/26/10 08:00:00.0,1561,0384,,,,
09/26/10 09:00:00.0,2128,0412,,,,
09/26/10 10:00:00.0,1805,0412,,,,
09/26/10 11:00:00.0,2584,0412,,,,
09/26/10 12:00:00.0,2744,0439,,,,
09/26/10 13:00:00.0,4402,0715,,,,
09/26/10 14:00:00.0,4011,2503,,,,
09/26/10 15:00:00.0,5565,3301,,,,
09/26/10 16:00:00.0,6153,2903,,,,
09/26/10 17:00:00.0,5565,4011,,,,
09/26/10 18:00:00.0,6230,5924,,,,
09/26/10 19:00:00.0,4454,4141,,,,
09/26/10 20:00:00.0,3142,2343,,,,
09/26/10 21:00:00.0,2903,1289,,,,
09/26/10 22:00:00.0,3248,1317,,,,
09/26/10 23:00:00.0,2850,1208,,,,
09/27/10 00:00:00.0,3063,1153,,,,
09/27/10 01:00:00.0,2850,1289,,,,
09/27/10 02:00:00.0,2770,1289,,,,
09/27/10 03:00:00.0,2850,1507,,,,
09/27/10 04:00:00.0,2289,1480,,,,
09/27/10 05:00:00.0,2396,1317,,,,
09/27/10 06:00:00.0,2343,1262,,,,
09/27/10 07:00:00.0,2610,1262,,,,
09/27/10 08:00:00.0,2209,1561,,,,
09/27/10 09:00:00.0,2450,1859,,,,
09/27/10 10:00:00.0,2664,2396,,,,
09/27/10 11:00:00.0,2690,3009,,,,
09/27/10 12:00:00.0,2450,3775,,,,
09/27/10 13:00:00.0,2047,4194,,,,
09/27/10 14:00:00.0,2797,5591,,,,
09/27/10 15:00:00.0,3142,6357,,,,
09/27/10 16:00:00.0,2823,6458,,,,
09/27/10 17:00:00.0,3354,6331,,,,
09/27/10 18:00:00.0,2983,5591,,,,
09/27/10 19:00:00.0,2021,4714,,,,
09/27/10 20:00:00.0,0715,3538,,,,
09/27/10 21:00:00.0,0989,2823,,,,
09/27/10 22:00:00.0,(0676),1778,,,,
09/27/10 23:00:00.0,(1584),1317,,,,
09/28/10 00:00:00.0,(0873),1099,,,,
09/28/10 01:00:00.0,(2044),0934,,,,
09/28/10 02:00:00.0,(2334),0825,,,,
09/28/10 03:00:00.0,(2218),0742,,,,
09/28/10 04:00:00.0,(1900),0687,,,,
09/28/10 05:00:00.0,(2800),0632,,,,
09/28/10 06:00:00.0,(2102),0605,,,,
09/28/10 07:00:00.0,(1470),0522,,,,
09/28/10 08:00:00.0,(1128),0467,,,,
09/28/10 09:00:00.0,1180,0439,,,,
09/28/10 10:00:00.0,1859,0467,,,,
09/28/10 11:00:00.0,2316,0495,,,,
09/28/10 12:00:00.0,2717,0522,,,,
09/28/10 13:00:00.0,3538,1805,,,,
09/28/10 14:00:00.0,4037,4115,,,,
09/28/10 15:00:00.0,4037,3538,,,,
09/28/10 16:00:00.0,3168,3827,,,,
09/28/10 17:00:00.0,1071,2903,,,,
09/28/10 18:00:00.0,1371,2744,,,,
09/28/10 19:00:00.0,1317,1994,,,,
09/28/10 20:00:00.0,0632,1262,,,,
09/28/10 21:00:00.0,0934,0880,,,,
09/28/10 22:00:00.0,0356,0687,,,,
09/28/10 23:00:00.0,0770,0632,,,,
09/29/10 00:00:00.0,0880,0577,,,,
09/29/10 01:00:00.0,1153,0577,,,,
09/29/10 02:00:00.0,1235,0550,,,,
09/29/10 03:00:00.0,1913,0522,,,,
09/29/10 04:00:00.0,2209,0550,,,,
09/29/10 05:00:00.0,2182,0550,,,,
09/29/10 06:00:00.0,2074,0550,,,,
09/29/10 07:00:00.0,2289,0577,,,,
09/29/10 08:00:00.0,2343,0632,,,,
09/29/10 09:00:00.0,2557,0797,,,,
09/29/10 10:00:00.0,3089,1425,,,,
09/29/10 11:00:00.0,3564,1534,,,,
09/29/10 12:00:00.0,3670,2664,,,,
09/29/10 13:00:00.0,3301,3880,,,,
09/29/10 14:00:00.0,3801,4480,,,,
09/29/10 15:00:00.0,3985,5076,,,,
09/29/10 16:00:00.0,4454,4818,,,,
09/29/10 17:00:00.0,4506,4141,,,,
09/29/10 18:00:00.0,3985,2903,,,,
09/29/10 19:00:00.0,3564,2182,,,,
09/29/10 20:00:00.0,3459,1805,,,,
09/29/10 21:00:00.0,3354,1534,,,,
09/29/10 22:00:00.0,3274,1480,,,,
09/29/10 23:00:00.0,3485,1071,,,,
09/30/10 00:00:00.0,3195,1044,,,,
09/30/10 01:00:00.0,3221,0907,,,,
09/30/10 02:00:00.0,3089,0715,,,,
09/30/10 03:00:00.0,3195,0715,,,,
09/30/10 04:00:00.0,2930,0770,,,,
09/30/10 05:00:00.0,2744,0495,,,,
09/30/10 06:00:00.0,2664,0218,,,,
09/30/10 07:00:00.0,2610,0356,,,,
09/30/10 08:00:00.0,2664,(0004),,,,
09/30/10 09:00:00.0,3036,0632,,,,
09/30/10 10:00:00.0,2956,1967,,,,
09/30/10 11:00:00.0,3274,1859,,,,
09/30/10 12:00:00.0,3854,2664,,,,
09/30/10 13:00:00.0,4558,3906,,,,
09/30/10 14:00:00.0,5847,4973,,,,
09/30/10 15:00:00.0,6813,6839,,,,
09/30/10 16:00:00.0,6128,6712,,,,
09/30/10 17:00:00.0,5898,5898,,,,
09/30/10 18:00:00.0,5642,5128,,,,
09/30/10 19:00:00.0,5719,4089,,,,
09/30/10 20:00:00.0,6000,3354,,,,
09/30/10 21:00:00.0,5514,2450,,,,
09/30/10 22:00:00.0,5360,1398,,,,
09/30/10 23:00:00.0,5924,0989,,,,
10/01/10 00:00:00.0,5616,0107,,,,
10/01/10 01:00:00.0,6051,0550,,,,
10/01/10 02:00:00.0,7318,0550,,,,
10/01/10 03:00:00.0,5591,0495,,,,
10/01/10 04:00:00.0,5924,0439,,,,
10/01/10 05:00:00.0,5796,0384,,,,
10/01/10 06:00:00.0,5668,0356,,,,
10/01/10 07:00:00.0,5024,0273,,,,
10/01/10 08:00:00.0,5128,0218,,,,
10/01/10 09:00:00.0,4895,0218,,,,
10/01/10 10:00:00.0,6357,0218,,,,
10/01/10 11:00:00.0,7116,0246,,,,
10/01/10 12:00:00.0,7268,0412,,,,
10/01/10 13:00:00.0,9163,4402,,,,
10/01/10 14:00:00.0,10247,6585,,,,
10/01/10 15:00:00.0,10443,7720,,,,
10/01/10 16:00:00.0,9163,7519,,,,
10/01/10 17:00:00.0,7770,6153,,,,
10/01/10 18:00:00.0,8195,5770,,,,
10/01/10 19:00:00.0,6281,4688,,,,
10/01/10 20:00:00.0,5282,3854,,,,
10/01/10 21:00:00.0,5231,2717,,,,
10/01/10 22:00:00.0,4688,2343,,,,
10/01/10 23:00:00.0,3036,2370,,,,
10/02/10 00:00:00.0,2236,1913,,,,
10/02/10 01:00:00.0,1886,1805,,,,
10/02/10 02:00:00.0,1371,1344,,,,
10/02/10 03:00:00.0,0989,1044,,,,
10/02/10 04:00:00.0,0880,0770,,,,
10/02/10 05:00:00.0,0934,0605,,,,
10/02/10 06:00:00.0,1017,0495,,,,
10/02/10 07:00:00.0,0825,0439,,,,
10/02/10 08:00:00.0,0687,0329,,,,
10/02/10 09:00:00.0,0934,0301,,,,
10/02/10 10:00:00.0,0246,0301,,,,
10/02/10 11:00:00.0,0989,0329,,,,
10/02/10 12:00:00.0,1126,0329,,,,
10/02/10 13:00:00.0,1317,0384,,,,
10/02/10 14:00:00.0,1832,1615,,,,
10/02/10 15:00:00.0,2717,3195,,,,
10/02/10 16:00:00.0,2797,2930,,,,
10/02/10 17:00:00.0,3009,2823,,,,
10/02/10 18:00:00.0,2930,2450,,,,
10/02/10 19:00:00.0,1235,1344,,,,
10/02/10 20:00:00.0,0301,0797,,,,
10/02/10 21:00:00.0,0329,0605,,,,
10/02/10 22:00:00.0,0218,0439,,,,
10/02/10 23:00:00.0,1017,0329,,,,
10/03/10 00:00:00.0,1126,0273,,,,
10/03/10 01:00:00.0,1208,0246,,,,
10/03/10 02:00:00.0,1561,0190,,,,
10/03/10 03:00:00.0,1534,0190,,,,
10/03/10 04:00:00.0,1180,0163,,,,
10/03/10 05:00:00.0,1071,0135,,,,
10/03/10 06:00:00.0,0715,0107,,,,
10/03/10 07:00:00.0,0907,0079,,,,
10/03/10 08:00:00.0,0687,0051,,,,
10/03/10 09:00:00.0,0329,(0004),,,,
10/03/10 10:00:00.0,1453,(0004),,,,
10/03/10 11:00:00.0,1480,0024,,,,
10/03/10 12:00:00.0,1480,0024,,,,
10/03/10 13:00:00.0,3406,0024,,,,
10/03/10 14:00:00.0,3985,0051,,,,
10/03/10 15:00:00.0,3906,0079,,,,
10/03/10 16:00:00.0,3696,0107,,,,
10/03/10 17:00:00.0,3036,0218,,,,
10/03/10 18:00:00.0,2664,0550,,,,
10/03/10 19:00:00.0,2262,0522,,,,
10/03/10 20:00:00.0,2530,0329,,,,
10/03/10 21:00:00.0,2236,0384,,,,
10/03/10 22:00:00.0,2396,0329,,,,
10/03/10 23:00:00.0,2262,0329,,,,
10/04/10 00:00:00.0,1805,0329,,,,
10/04/10 01:00:00.0,1180,0301,,,,
10/04/10 02:00:00.0,1126,0273,,,,
10/04/10 03:00:00.0,0770,0246,,,,
10/04/10 04:00:00.0,0107,0218,,,,
10/04/10 05:00:00.0,(0591),0107,,,,
10/04/10 06:00:00.0,(0902),(0032),,,,
10/04/10 07:00:00.0,(1185),(0199),,,,
10/04/10 08:00:00.0,(1613),(0535),,,,
10/04/10 09:00:00.0,(1756),(0732),,,,
10/04/10 10:00:00.0,(1441),(0902),,,,
10/04/10 11:00:00.0,(0873),(0986),,,,
10/04/10 12:00:00.0,(0367),(1043),,,,
10/04/10 13:00:00.0,1317,(0732),,,,
10/04/10 14:00:00.0,2262,(0311),,,,
10/04/10 15:00:00.0,2343,(0143),,,,
10/04/10 16:00:00.0,0962,(0171),,,,
10/04/10 17:00:00.0,2450,(0143),,,,
10/04/10 18:00:00.0,0356,(0171),,,,
10/04/10 19:00:00.0,(0704),(0535),,,,
10/04/10 20:00:00.0,(0789),(0845),,,,
10/04/10 21:00:00.0,(0732),(0873),,,,
10/04/10 22:00:00.0,(0367),(0930),,,,
10/04/10 23:00:00.0,(0311),(0873),,,,
10/05/10 00:00:00.0,0605,(0845),,,,
10/05/10 01:00:00.0,(0199),(0817),,,,
10/05/10 02:00:00.0,(1356),(0732),,,,
10/05/10 03:00:00.0,(2189),(0648),,,,
10/05/10 04:00:00.0,(1756),(0620),,,,
10/05/10 05:00:00.0,(1986),(0591),,,,
10/05/10 06:00:00.0,(1413),(0535),,,,
10/05/10 07:00:00.0,(0732),(0451),,,,
10/05/10 08:00:00.0,(0255),(0395),,,,
10/05/10 09:00:00.0,(0367),(0339),,,,
10/05/10 10:00:00.0,0329,(0283),,,,
10/05/10 11:00:00.0,0880,(0171),,,,
10/05/10 12:00:00.0,1615,(0116),,,,
10/05/10 13:00:00.0,1967,(0088),,,,
10/05/10 14:00:00.0,0770,(0060),,,,
10/05/10 15:00:00.0,1425,(0060),,,,
10/05/10 16:00:00.0,1643,(0032),,,,
10/05/10 17:00:00.0,1913,0024,,,,
10/05/10 18:00:00.0,1425,0024,,,,
10/05/10 19:00:00.0,1751,0024,,,,
10/05/10 20:00:00.0,1262,0024,,,,
10/05/10 21:00:00.0,0989,0024,,,,
10/05/10 22:00:00.0,0852,0024,,,,
10/05/10 23:00:00.0,0880,0024,,,,
10/06/10 00:00:00.0,0632,0024,,,,
10/06/10 01:00:00.0,0439,0024,,,,
10/06/10 02:00:00.0,0467,0024,,,,
10/06/10 03:00:00.0,0962,0024,,,,
10/06/10 04:00:00.0,1398,0024,,,,
10/06/10 05:00:00.0,0934,0024,,,,
10/06/10 06:00:00.0,0825,0024,,,,
10/06/10 07:00:00.0,0880,0024,,,,
10/06/10 08:00:00.0,0550,0024,,,,
10/06/10 09:00:00.0,0825,(0004),,,,
10/06/10 10:00:00.0,(0032),(0004),,,,
10/06/10 11:00:00.0,0495,0024,,,,
10/06/10 12:00:00.0,0989,0024,,,,
10/06/10 13:00:00.0,1153,0024,,,,
10/06/10 14:00:00.0,1507,0024,,,,
10/06/10 15:00:00.0,1859,0024,,,,
10/06/10 16:00:00.0,2690,0024,,,,
10/06/10 17:00:00.0,3089,0024,,,,
10/06/10 18:00:00.0,1805,0024,,,,
10/06/10 19:00:00.0,1017,0024,,,,
10/06/10 20:00:00.0,0660,0024,,,,
10/06/10 21:00:00.0,0577,0024,,,,
10/06/10 22:00:00.0,(0004),0024,,,,
10/06/10 23:00:00.0,(0116),0024,,,,
10/07/10 00:00:00.0,(0032),(0032),,,,
10/07/10 01:00:00.0,(0507),(0199),,,,
10/07/10 02:00:00.0,(0479),(0339),,,,
10/07/10 03:00:00.0,(0451),(0535),,,,
10/07/10 04:00:00.0,(0676),(0620),,,,
10/07/10 05:00:00.0,(1613),(0760),,,,
10/07/10 06:00:00.0,(1157),(0845),,,,
10/07/10 07:00:00.0,(2015),(1043),,,,
10/07/10 08:00:00.0,(2218),(1613),,,,
10/07/10 09:00:00.0,(2218),(1699),,,,
10/07/10 10:00:00.0,(1670),(1814),,,,
10/07/10 11:00:00.0,(1986),(2073),,,,
10/07/10 12:00:00.0,(2015),(2102),,,,
10/07/10 13:00:00.0,0329,(1270),,,,
10/07/10 14:00:00.0,(0227),(0395),,,,
10/07/10 15:00:00.0,1453,(0283),,,,
10/07/10 16:00:00.0,1859,(0171),,,,
10/07/10 17:00:00.0,1697,(0116),,,,
10/07/10 18:00:00.0,0797,(0060),,,,
10/07/10 19:00:00.0,0632,(0060),,,,
10/07/10 20:00:00.0,0024,(0060),,,,
10/07/10 21:00:00.0,0079,(0060),,,,
10/07/10 22:00:00.0,0356,(0060),,,,
10/07/10 23:00:00.0,(0732),(0088),,,,
10/08/10 00:00:00.0,(1157),(0088),,,,
10/08/10 01:00:00.0,(1470),(0116),,,,
10/08/10 02:00:00.0,(1929),(0116),,,,
10/08/10 03:00:00.0,(1641),(0116),,,,
10/08/10 04:00:00.0,(1213),(0116),,,,
10/08/10 05:00:00.0,(1157),(0116),,,,
10/08/10 06:00:00.0,(1128),(0116),,,,
10/08/10 07:00:00.0,(1157),(0116),,,,
10/08/10 08:00:00.0,(0902),(0116),,,,
10/08/10 09:00:00.0,(0620),(0116),,,,
10/08/10 10:00:00.0,(0676),(0116),,,,
10/08/10 11:00:00.0,(0507),(0116),,,,
10/08/10 12:00:00.0,0190,(0088),,,,
10/08/10 13:00:00.0,0825,(0088),,,,
10/08/10 14:00:00.0,2047,(0060),,,,
10/08/10 15:00:00.0,1832,(0060),,,,
10/08/10 16:00:00.0,2289,(0060),,,,
10/08/10 17:00:00.0,2021,(0032),,,,
10/08/10 18:00:00.0,0907,(0032),,,,
10/08/10 19:00:00.0,0107,(0032),,,,
10/08/10 20:00:00.0,(0004),(0060),,,,
10/08/10 21:00:00.0,(0283),(0116),,,,
10/08/10 22:00:00.0,(0004),(0171),,,,
10/08/10 23:00:00.0,0467,(0171),,,,
10/09/10 00:00:00.0,0439,(0171),,,,
10/09/10 01:00:00.0,(0311),(0199),,,,
10/09/10 02:00:00.0,(1242),(0199),,,,
10/09/10 03:00:00.0,(1958),(0199),,,,
10/09/10 04:00:00.0,(2218),(0171),,,,
10/09/10 05:00:00.0,(2189),(0171),,,,
10/09/10 06:00:00.0,(1986),(0171),,,,
10/09/10 07:00:00.0,(1814),(0143),,,,
10/09/10 08:00:00.0,(1641),(0143),,,,
10/09/10 09:00:00.0,(1527),(0143),,,,
10/09/10 10:00:00.0,(0591),(0116),,,,
10/09/10 11:00:00.0,(0088),(0116),,,,
10/09/10 12:00:00.0,0107,(0116),,,,
10/09/10 13:00:00.0,0907,(0088),,,,
10/09/10 14:00:00.0,1886,(0060),,,,
10/09/10 15:00:00.0,2101,(0060),,,,
10/09/10 16:00:00.0,2930,(0060),,,,
10/09/10 17:00:00.0,2823,(0060),,,,
10/09/10 18:00:00.0,2983,(0032),,,,
10/09/10 19:00:00.0,2664,(0032),,,,
10/09/10 20:00:00.0,2370,(0032),,,,
10/09/10 21:00:00.0,2477,(0032),,,,
10/09/10 22:00:00.0,2074,(0032),,,,
10/09/10 23:00:00.0,2236,(0032),,,,
10/10/10 00:00:00.0,2557,(0004),,,,
10/10/10 01:00:00.0,2477,(0004),,,,
10/10/10 02:00:00.0,1371,(0004),,,,
10/10/10 03:00:00.0,1371,(0004),,,,
10/10/10 04:00:00.0,1071,(0004),,,,
10/10/10 05:00:00.0,1317,(0004),,,,
10/10/10 06:00:00.0,1507,(0004),,,,
10/10/10 07:00:00.0,0632,(0004),,,,
10/10/10 08:00:00.0,0715,(0004),,,,
10/10/10 09:00:00.0,0770,(0004),,,,
10/10/10 10:00:00.0,1235,(0004),,,,
10/10/10 11:00:00.0,1099,(0004),,,,
10/10/10 12:00:00.0,1099,(0004),,,,
10/10/10 13:00:00.0,0852,(0004),,,,
10/10/10 14:00:00.0,1262,(0004),,,,
10/10/10 15:00:00.0,1507,(0004),,,,
10/10/10 16:00:00.0,1643,(0004),,,,
10/10/10 17:00:00.0,1670,(0004),,,,
10/10/10 18:00:00.0,1317,0024,,,,
10/10/10 19:00:00.0,1126,0024,,,,
10/10/10 20:00:00.0,1099,0024,,,,
10/10/10 21:00:00.0,1044,0024,,,,
10/10/10 22:00:00.0,0962,0024,,,,
10/10/10 23:00:00.0,1126,0024,,,,
10/11/10 00:00:00.0,0825,0024,,,,
10/11/10 01:00:00.0,0329,0024,,,,
10/11/10 02:00:00.0,0079,0024,,,,
10/11/10 03:00:00.0,(0088),0024,,,,
10/11/10 04:00:00.0,(0451),0024,,,,
10/11/10 05:00:00.0,(0423),0024,,,,
10/11/10 06:00:00.0,(0648),0024,,,,
10/11/10 07:00:00.0,(0845),0024,,,,
10/11/10 08:00:00.0,(0789),0024,,,,
10/11/10 09:00:00.0,(0676),0024,,,,
10/11/10 10:00:00.0,(0563),0024,,,,
10/11/10 11:00:00.0,(0283),0024,,,,
10/11/10 12:00:00.0,(0227),0024,,,,
10/11/10 13:00:00.0,0550,0024,,,,
10/11/10 14:00:00.0,1099,0024,,,,
10/11/10 15:00:00.0,1994,0024,,,,
10/11/10 16:00:00.0,2316,0024,,,,
10/11/10 17:00:00.0,0356,0024,,,,
10/11/10 18:00:00.0,(0004),0024,,,,
10/11/10 19:00:00.0,(0704),0024,,,,
10/11/10 20:00:00.0,(0563),0024,,,,
10/11/10 21:00:00.0,(0479),0024,,,,
10/11/10 22:00:00.0,(0789),0024,,,,
10/11/10 23:00:00.0,(0902),0024,,,,
10/12/10 00:00:00.0,(0732),0024,,,,
10/12/10 01:00:00.0,(0732),0024,,,,
10/12/10 02:00:00.0,(1498),0024,,,,
10/12/10 03:00:00.0,(1785),(0004),,,,
10/12/10 04:00:00.0,(1785),(0004),,,,
10/12/10 05:00:00.0,(1527),(0004),,,,
10/12/10 06:00:00.0,(1670),(0004),,,,
10/12/10 07:00:00.0,(1128),(0004),,,,
10/12/10 08:00:00.0,(1071),(0032),,,,
10/12/10 09:00:00.0,(0873),(0060),,,,
10/12/10 10:00:00.0,(1584),(0060),,,,
10/12/10 11:00:00.0,(1670),(0060),,,,
10/12/10 12:00:00.0,(1584),(0060),,,,
10/12/10 13:00:00.0,(1356),(0060),,,,
10/12/10 14:00:00.0,(0845),(0060),,,,
10/12/10 15:00:00.0,0770,(0032),,,,
10/12/10 16:00:00.0,1425,(0032),,,,
10/12/10 17:00:00.0,(0116),(0032),,,,
10/12/10 18:00:00.0,1044,(0032),,,,
10/12/10 19:00:00.0,1534,(0004),,,,
10/12/10 20:00:00.0,1208,(0004),,,,
10/12/10 21:00:00.0,0852,(0004),,,,
10/12/10 22:00:00.0,0825,(0004),,,,
10/12/10 23:00:00.0,0495,(0004),,,,
10/13/10 00:00:00.0,0439,(0004),,,,
10/13/10 01:00:00.0,0051,(0004),,,,
10/13/10 02:00:00.0,0163,(0004),,,,
10/13/10 03:00:00.0,(0116),(0004),,,,
10/13/10 04:00:00.0,(0060),(0004),,,,
10/13/10 05:00:00.0,0439,(0004),,,,
10/13/10 06:00:00.0,0163,(0004),,,,
10/13/10 07:00:00.0,(0004),(0004),,,,
10/13/10 08:00:00.0,(0535),(0004),,,,
10/13/10 09:00:00.0,(0423),(0004),,,,
10/13/10 10:00:00.0,(0339),(0004),,,,
10/13/10 11:00:00.0,(0088),(0004),,,,
10/13/10 12:00:00.0,0329,0024,,,,
10/13/10 13:00:00.0,0907,(0004),,,,
10/13/10 14:00:00.0,0852,0024,,,,
10/13/10 15:00:00.0,1561,0024,,,,
10/13/10 16:00:00.0,0439,0024,,,,
10/13/10 17:00:00.0,0412,0024,,,,
10/13/10 18:00:00.0,(0116),0024,,,,
10/13/10 19:00:00.0,(0507),0024,,,,
10/13/10 20:00:00.0,(0339),0024,,,,
10/13/10 21:00:00.0,(0620),0024,,,,
10/13/10 22:00:00.0,(0507),0024,,,,
10/13/10 23:00:00.0,(1613),0024,,,,
10/14/10 00:00:00.0,(2276),0024,,,,
10/14/10 01:00:00.0,(2334),0024,,,,
10/14/10 02:00:00.0,(2566),(0004),,,,
10/14/10 03:00:00.0,(2218),(0004),,,,
10/14/10 04:00:00.0,(2276),(0004),,,,
10/14/10 05:00:00.0,(2421),(0004),,,,
10/14/10 06:00:00.0,(2450),(0004),,,,
10/14/10 07:00:00.0,(2450),(0004),,,,
10/14/10 08:00:00.0,(2421),(0004),,,,
10/14/10 09:00:00.0,(2305),(0004),,,,
10/14/10 10:00:00.0,(2015),(0004),,,,
10/14/10 11:00:00.0,(1756),(0004),,,,
10/14/10 12:00:00.0,(1613),0024,,,,
10/14/10 13:00:00.0,(1270),(0004),,,,
10/14/10 14:00:00.0,(1242),0024,,,,
10/14/10 15:00:00.0,(1071),0024,,,,
10/14/10 16:00:00.0,(0902),0024,,,,
10/14/10 17:00:00.0,(1213),0024,,,,
10/14/10 18:00:00.0,(1441),0024,,,,
10/14/10 19:00:00.0,(1384),0024,,,,
10/14/10 20:00:00.0,(1356),0024,,,,
10/14/10 21:00:00.0,(1242),0024,,,,
10/14/10 22:00:00.0,(1384),0024,,,,
10/14/10 23:00:00.0,(1270),0024,,,,
10/15/10 00:00:00.0,(1613),0024,,,,
10/15/10 01:00:00.0,(1498),0024,,,,
10/15/10 02:00:00.0,(1299),0024,,,,
10/15/10 03:00:00.0,(1527),0024,,,,
10/15/10 04:00:00.0,(1384),0024,,,,
10/15/10 05:00:00.0,(1756),0024,,,,
10/15/10 06:00:00.0,(1842),0024,,,,
10/15/10 07:00:00.0,(1814),0024,,,,
10/15/10 08:00:00.0,(2160),0024,,,,
10/15/10 09:00:00.0,(2392),0024,,,,
10/15/10 10:00:00.0,(2334),0024,,,,
10/15/10 11:00:00.0,(2160),0024,,,,
10/15/10 12:00:00.0,(1929),0024,,,,
10/15/10 13:00:00.0,(1641),0024,,,,
10/15/10 14:00:00.0,(1015),0024,,,,
10/15/10 15:00:00.0,(1185),0024,,,,
10/15/10 16:00:00.0,(1413),0024,,,,
10/15/10 17:00:00.0,(1071),0024,,,,
10/15/10 18:00:00.0,(1327),0024,,,,
10/15/10 19:00:00.0,(1584),0024,,,,
10/15/10 20:00:00.0,(1498),0024,,,,
10/15/10 21:00:00.0,(1327),0024,,,,
10/15/10 22:00:00.0,(1299),0024,,,,
10/15/10 23:00:00.0,(1270),0024,,,,
10/16/10 00:00:00.0,(1929),0024,,,,
10/16/10 01:00:00.0,(1185),0024,,,,
10/16/10 02:00:00.0,(1641),0024,,,,
10/16/10 03:00:00.0,(2218),0024,,,,
10/16/10 04:00:00.0,(1756),0024,,,,
10/16/10 05:00:00.0,(2073),0024,,,,
10/16/10 06:00:00.0,(2160),0024,,,,
10/16/10 07:00:00.0,(2073),0024,,,,
10/16/10 08:00:00.0,(1299),0024,,,,
10/16/10 09:00:00.0,(1842),0024,,,,
10/16/10 10:00:00.0,(1527),0024,,,,
10/16/10 11:00:00.0,(1900),0024,,,,
10/16/10 12:00:00.0,(1986),0024,,,,
10/16/10 13:00:00.0,(1015),0024,,,,
10/16/10 14:00:00.0,(0088),0024,,,,
10/16/10 15:00:00.0,(1015),0024,,,,
10/16/10 16:00:00.0,(0423),0024,,,,
10/16/10 17:00:00.0,(0789),0024,,,,
10/16/10 18:00:00.0,(1270),0024,,,,
10/16/10 19:00:00.0,(1299),0024,,,,
10/16/10 20:00:00.0,(1299),0024,,,,
10/16/10 21:00:00.0,(1413),0024,,,,
10/16/10 22:00:00.0,(1128),0024,,,,
10/16/10 23:00:00.0,(0789),0024,,,,
10/17/10 00:00:00.0,(0789),0051,,,,
10/17/10 01:00:00.0,(1071),0051,,,,
10/17/10 02:00:00.0,(0760),0024,,,,
10/17/10 03:00:00.0,(0339),0051,,,,
10/17/10 04:00:00.0,(0060),0024,,,,
10/17/10 05:00:00.0,(0451),0024,,,,
10/17/10 06:00:00.0,(0255),0051,,,,
10/17/10 07:00:00.0,(0507),0024,,,,
10/17/10 08:00:00.0,0329,0051,,,,
10/17/10 09:00:00.0,0412,0024,,,,
10/17/10 10:00:00.0,1289,0051,,,,
10/17/10 11:00:00.0,0852,0051,,,,
10/17/10 12:00:00.0,1371,0051,,,,
10/17/10 13:00:00.0,1670,0051,,,,
10/17/10 14:00:00.0,2423,0051,,,,
10/17/10 15:00:00.0,2584,0051,,,,
10/17/10 16:00:00.0,2530,0051,,,,
10/17/10 17:00:00.0,2423,0051,,,,
10/17/10 18:00:00.0,1534,0051,,,,
10/17/10 19:00:00.0,1886,0051,,,,
10/17/10 20:00:00.0,1805,0051,,,,
10/17/10 21:00:00.0,1967,0051,,,,
10/17/10 22:00:00.0,1913,0051,,,,
10/17/10 23:00:00.0,2128,0051,,,,
10/18/10 00:00:00.0,1643,0051,,,,
10/18/10 01:00:00.0,2477,0051,,,,
10/18/10 02:00:00.0,3195,0051,,,,
10/18/10 03:00:00.0,3221,0051,,,,
10/18/10 04:00:00.0,3801,0051,,,,
10/18/10 05:00:00.0,3274,0051,,,,
10/18/10 06:00:00.0,2903,0051,,,,
10/18/10 07:00:00.0,1643,0051,,,,
10/18/10 08:00:00.0,(0116),0051,,,,
10/18/10 09:00:00.0,(0732),0051,,,,
10/18/10 10:00:00.0,(0930),0051,,,,
10/18/10 11:00:00.0,(0986),0051,,,,
10/18/10 12:00:00.0,(1270),0051,,,,
10/18/10 13:00:00.0,(0648),0051,,,,
10/18/10 14:00:00.0,(0563),0051,,,,
10/18/10 15:00:00.0,(0563),0051,,,,
10/18/10 16:00:00.0,0467,0051,,,,
10/18/10 17:00:00.0,(0227),0051,,,,
10/18/10 18:00:00.0,(0591),0051,,,,
10/18/10 19:00:00.0,(0591),0051,,,,
10/18/10 20:00:00.0,(0648),0051,,,,
10/18/10 21:00:00.0,(0873),0051,,,,
10/18/10 22:00:00.0,(0902),0051,,,,
10/18/10 23:00:00.0,(0676),0051,,,,
10/19/10 00:00:00.0,(1185),0051,,,,
10/19/10 01:00:00.0,(1470),0051,,,,
10/19/10 02:00:00.0,(0958),0051,,,,
10/19/10 03:00:00.0,(1641),0079,,,,
10/19/10 04:00:00.0,(1641),0051,,,,
10/19/10 05:00:00.0,(1641),0051,,,,
10/19/10 06:00:00.0,(1929),0051,,,,
10/19/10 07:00:00.0,(1986),0051,,,,
10/19/10 08:00:00.0,(2102),0051,,,,
10/19/10 09:00:00.0,(2131),0051,,,,
10/19/10 10:00:00.0,(2218),0051,,,,
10/19/10 11:00:00.0,(1756),0051,,,,
10/19/10 12:00:00.0,(1470),0024,,,,
10/19/10 13:00:00.0,(1299),0024,,,,
10/19/10 14:00:00.0,(0451),0024,,,,
10/19/10 15:00:00.0,(0311),(0004),,,,
10/19/10 16:00:00.0,(0930),(0004),,,,
10/19/10 17:00:00.0,0024,(0004),,,,
10/19/10 18:00:00.0,(0676),(0004),,,,
10/19/10 19:00:00.0,(1641),(0004),,,,
10/19/10 20:00:00.0,(1900),(0004),,,,
10/19/10 21:00:00.0,(2015),(0032),,,,
10/19/10 22:00:00.0,(2566),(0032),,,,
10/19/10 23:00:00.0,(1727),(0060),,,,
10/20/10 00:00:00.0,(2276),(0060),,,,
10/20/10 01:00:00.0,(3035),(0060),,,,
10/20/10 02:00:00.0,(3035),(0088),,,,
10/20/10 03:00:00.0,(2566),(0116),,,,
10/20/10 04:00:00.0,(3212),(0116),,,,
10/20/10 05:00:00.0,(3006),(0143),,,,
10/20/10 06:00:00.0,(1900),(0171),,,,
10/20/10 07:00:00.0,(3212),(0171),,,,
10/20/10 08:00:00.0,(4076),(0171),,,,
10/20/10 09:00:00.0,(3360),(0199),,,,
10/20/10 10:00:00.0,(3747),(0227),,,,
10/20/10 11:00:00.0,(4137),(0283),,,,
10/20/10 12:00:00.0,(2888),(0311),,,,
10/20/10 13:00:00.0,(1871),(0339),,,,
10/20/10 14:00:00.0,(1958),(0339),,,,
10/20/10 15:00:00.0,(1613),(0339),,,,
10/20/10 16:00:00.0,(1842),(0311),,,,
10/20/10 17:00:00.0,(1641),(0283),,,,
10/20/10 18:00:00.0,(2044),(0255),,,,
10/20/10 19:00:00.0,(2334),(0255),,,,
10/20/10 20:00:00.0,(2537),(0255),,,,
10/20/10 21:00:00.0,(3153),(0255),,,,
10/20/10 22:00:00.0,(2742),(0283),,,,
10/20/10 23:00:00.0,(2566),(0283),,,,
10/21/10 00:00:00.0,(2742),(0311),,,,
10/21/10 01:00:00.0,(2859),(0311),,,,
10/21/10 02:00:00.0,(3153),(0311),,,,
10/21/10 03:00:00.0,(2976),(0339),,,,
10/21/10 04:00:00.0,(3538),(0367),,,,
10/21/10 05:00:00.0,(3926),(0423),,,,
10/21/10 06:00:00.0,(3747),(0451),,,,
10/21/10 07:00:00.0,(3986),(0507),,,,
10/21/10 08:00:00.0,(4046),(0563),,,,
10/21/10 09:00:00.0,(4227),(0648),,,,
10/21/10 10:00:00.0,(4621),(0676),,,,
10/21/10 11:00:00.0,(3836),(0704),,,,
10/21/10 12:00:00.0,(3836),(0760),,,,
10/21/10 13:00:00.0,(3598),(0789),,,,
10/21/10 14:00:00.0,(2363),(0789),,,,
10/21/10 15:00:00.0,(1071),(0789),,,,
10/21/10 16:00:00.0,(1157),(0789),,,,
10/21/10 17:00:00.0,(1498),(0817),,,,
10/21/10 18:00:00.0,(2566),(0845),,,,
10/21/10 19:00:00.0,(3242),(0873),,,,
10/21/10 20:00:00.0,(3330),(0930),,,,
10/21/10 21:00:00.0,(3479),(0958),,,,
10/21/10 22:00:00.0,(4560),(1043),,,,
10/21/10 23:00:00.0,(3479),(1100),,,,
10/22/10 00:00:00.0,(3330),(1185),,,,
10/22/10 01:00:00.0,(3986),(1213),,,,
10/22/10 02:00:00.0,(4773),(1270),,,,
10/22/10 03:00:00.0,(5760),(1299),,,,
10/22/10 04:00:00.0,(5823),(1384),,,,
10/22/10 05:00:00.0,(5018),(1441),,,,
10/22/10 06:00:00.0,(5760),(1498),,,,
10/22/10 07:00:00.0,(6420),(1556),,,,
10/22/10 08:00:00.0,(5948),(1641),,,,
10/22/10 09:00:00.0,(6262),(1699),,,,
10/22/10 10:00:00.0,(6898),(1756),,,,
10/22/10 11:00:00.0,(5885),(1814),,,,
10/22/10 12:00:00.0,(6262),(1814),,,,
10/22/10 13:00:00.0,(5264),(1842),,,,
10/22/10 14:00:00.0,(4804),(1842),,,,
10/22/10 15:00:00.0,(4590),(1814),,,,
10/22/10 16:00:00.0,(4016),(1756),,,,
10/22/10 17:00:00.0,(3598),(1699),,,,
10/22/10 18:00:00.0,(3956),(1670),,,,
10/22/10 19:00:00.0,(3183),(1641),,,,
10/22/10 20:00:00.0,(3330),(1613),,,,
10/22/10 21:00:00.0,(3598),(1556),,,,
10/22/10 22:00:00.0,(4016),(1527),,,,
10/22/10 23:00:00.0,(4137),(1470),,,,
10/23/10 00:00:00.0,(4287),(1441),,,,
10/23/10 01:00:00.0,(4287),(1413),,,,
10/23/10 02:00:00.0,(4439),(1356),,,,
10/23/10 03:00:00.0,(3986),(1327),,,,
10/23/10 04:00:00.0,(4257),(1299),,,,
10/23/10 05:00:00.0,(4257),(1242),,,,
10/23/10 06:00:00.0,(4530),(1213),,,,
10/23/10 07:00:00.0,(4804),(1213),,,,
10/23/10 08:00:00.0,(4499),(1242),,,,
10/23/10 09:00:00.0,(3956),(1242),,,,
10/23/10 10:00:00.0,(3657),(1242),,,,
10/23/10 11:00:00.0,(3212),(1185),,,,
10/23/10 12:00:00.0,(2742),(1128),,,,
10/23/10 13:00:00.0,(2625),(1071),,,,
10/23/10 14:00:00.0,(2160),(1015),,,,
10/23/10 15:00:00.0,(2276),(0930),,,,
10/23/10 16:00:00.0,(2450),(0845),,,,
10/23/10 17:00:00.0,(2334),(0817),,,,
10/23/10 18:00:00.0,(1842),(0789),,,,
10/23/10 19:00:00.0,(2073),(0760),,,,
10/23/10 20:00:00.0,(2392),(0732),,,,
10/23/10 21:00:00.0,(2305),(0732),,,,
10/23/10 22:00:00.0,(1699),(0732),,,,
10/23/10 23:00:00.0,(1785),(0732),,,,
10/24/10 00:00:00.0,(1470),(0732),,,,
10/24/10 01:00:00.0,(0591),(0760),,,,
10/24/10 02:00:00.0,(1584),(0760),,,,
10/24/10 03:00:00.0,(1871),(0760),,,,
10/24/10 04:00:00.0,(2131),(0789),,,,
10/24/10 05:00:00.0,(2508),(0789),,,,
10/24/10 06:00:00.0,(2830),(0817),,,,
10/24/10 07:00:00.0,(2947),(0902),,,,
10/24/10 08:00:00.0,(3627),(0958),,,,
10/24/10 09:00:00.0,(3747),(0958),,,,
10/24/10 10:00:00.0,(3598),(0986),,,,
10/24/10 11:00:00.0,(3419),(1015),,,,
10/24/10 12:00:00.0,(3419),(1015),,,,
10/24/10 13:00:00.0,(3065),(0986),,,,
10/24/10 14:00:00.0,(2305),(0930),,,,
10/24/10 15:00:00.0,(2683),(0930),,,,
10/24/10 16:00:00.0,(2537),(1043),,,,
10/24/10 17:00:00.0,(2625),(1100),,,,
10/24/10 18:00:00.0,(2421),(1185),,,,
10/24/10 19:00:00.0,(2508),(1270),,,,
10/24/10 20:00:00.0,(2363),(1327),,,,
10/24/10 21:00:00.0,(2421),(1299),,,,
10/24/10 22:00:00.0,(2508),(1299),,,,
10/24/10 23:00:00.0,(2596),(1242),,,,
10/25/10 00:00:00.0,(2683),(1242),,,,
10/25/10 01:00:00.0,(3212),(1213),,,,
10/25/10 02:00:00.0,(3538),(1185),,,,
10/25/10 03:00:00.0,(3538),(1185),,,,
10/25/10 04:00:00.0,(3330),(1185),,,,
10/25/10 05:00:00.0,(3183),(1185),,,,
10/25/10 06:00:00.0,(3449),(1185),,,,
10/25/10 07:00:00.0,(3986),(1157),,,,
10/25/10 08:00:00.0,(3598),(1157),,,,
10/25/10 09:00:00.0,(3568),(1157),,,,
10/25/10 10:00:00.0,(3508),(1128),,,,
10/25/10 11:00:00.0,(3360),(1128),,,,
10/25/10 12:00:00.0,(2947),(1071),,,,
10/25/10 13:00:00.0,(3035),(1043),,,,
10/25/10 14:00:00.0,(2218),(0986),,,,
10/25/10 15:00:00.0,(2479),(0930),,,,
10/25/10 16:00:00.0,(1986),(0873),,,,
10/25/10 17:00:00.0,(2712),(0817),,,,
10/25/10 18:00:00.0,(2508),(0789),,,,
10/25/10 19:00:00.0,(2305),(0789),,,,
10/25/10 20:00:00.0,(2712),(0789),,,,
10/25/10 21:00:00.0,(2392),(0789),,,,
10/25/10 22:00:00.0,(2625),(0817),,,,
10/25/10 23:00:00.0,(2654),(0817),,,,
10/26/10 00:00:00.0,(2712),(0817),,,,
10/26/10 01:00:00.0,(2859),(0845),,,,
10/26/10 02:00:00.0,(2918),(0845),,,,
10/26/10 03:00:00.0,(3065),(0873),,,,
10/26/10 04:00:00.0,(3006),(0902),,,,
10/26/10 05:00:00.0,(3419),(0902),,,,
10/26/10 06:00:00.0,(3986),(0958),,,,
10/26/10 07:00:00.0,(2742),(1015),,,,
10/26/10 08:00:00.0,(3006),(1100),,,,
10/26/10 09:00:00.0,(2683),(1128),,,,
10/26/10 10:00:00.0,(2947),(1185),,,,
10/26/10 11:00:00.0,(2247),(1157),,,,
10/26/10 12:00:00.0,(2102),(1128),,,,
10/26/10 13:00:00.0,(0760),(1071),,,,
10/26/10 14:00:00.0,(0507),(1015),,,,
10/26/10 15:00:00.0,(1270),(0958),,,,
10/26/10 16:00:00.0,(0171),(0902),,,,
10/26/10 17:00:00.0,(0732),(0873),,,,
10/26/10 18:00:00.0,(0986),(0873),,,,
10/26/10 19:00:00.0,(1185),(0873),,,,
10/26/10 20:00:00.0,(1043),(0873),,,,
10/26/10 21:00:00.0,(0986),(0902),,,,
10/26/10 22:00:00.0,(1727),(0902),,,,
10/26/10 23:00:00.0,(1814),(0958),,,,
10/27/10 00:00:00.0,(1756),(1015),,,,
10/27/10 01:00:00.0,(2654),(1071),,,,
10/27/10 02:00:00.0,(3094),(1100),,,,
10/27/10 03:00:00.0,(2947),(1157),,,,
10/27/10 04:00:00.0,(3836),(1213),,,,
10/27/10 05:00:00.0,(3598),(1270),,,,
10/27/10 06:00:00.0,(4197),(1356),,,,
10/27/10 07:00:00.0,(4167),(1441),,,,
10/27/10 08:00:00.0,(3807),(1527),,,,
10/27/10 09:00:00.0,(3926),(1556),,,,
10/27/10 10:00:00.0,(3956),(1613),,,,
10/27/10 11:00:00.0,(3627),(1670),,,,
10/27/10 12:00:00.0,(3717),(1727),,,,
10/27/10 13:00:00.0,(3956),(1756),,,,
10/27/10 14:00:00.0,(3330),(1756),,,,
10/27/10 15:00:00.0,(2276),(1699),,,,
10/27/10 16:00:00.0,(1498),(1670),,,,
10/27/10 17:00:00.0,(2830),(1584),,,,
10/27/10 18:00:00.0,(3926),(1584),,,,
10/27/10 19:00:00.0,(4197),(1613),,,,
10/27/10 20:00:00.0,(4076),(1699),,,,
10/27/10 21:00:00.0,(4530),(1814),,,,
10/27/10 22:00:00.0,(4499),(1929),,,,
10/27/10 23:00:00.0,(5172),(2015),,,,
10/28/10 00:00:00.0,(5449),(2044),,,,
10/28/10 01:00:00.0,(6042),(2044),,,,
10/28/10 02:00:00.0,(5854),(1986),,,,
10/28/10 03:00:00.0,(5698),(1986),,,,
10/28/10 04:00:00.0,(5326),(2044),,,,
10/28/10 05:00:00.0,(5885),(1986),,,,
10/28/10 06:00:00.0,(4227),(1986),,,,
10/28/10 07:00:00.0,(4499),(2015),,,,
10/28/10 08:00:00.0,(4712),(2102),,,,
10/28/10 09:00:00.0,(3035),(2160),,,,
10/28/10 10:00:00.0,(3627),(2189),,,,
10/28/10 11:00:00.0,(3212),(2073),,,,
10/28/10 12:00:00.0,(2508),(1986),,,,
10/28/10 13:00:00.0,(2566),(1929),,,,
10/28/10 14:00:00.0,(2479),(1871),,,,
10/28/10 15:00:00.0,(2625),(1871),,,,
10/28/10 16:00:00.0,(2800),(1814),,,,
10/28/10 17:00:00.0,(2334),(1727),,,,
10/28/10 18:00:00.0,(2918),(1641),,,,
10/28/10 19:00:00.0,(2305),(1584),,,,
10/28/10 20:00:00.0,(2508),(1498),,,,
10/28/10 21:00:00.0,(3035),(1384),,,,
10/28/10 22:00:00.0,(2947),(1327),,,,
10/28/10 23:00:00.0,(3035),(1270),,,,
10/29/10 00:00:00.0,(2947),(1213),,,,
10/29/10 01:00:00.0,(2859),(1157),,,,
10/29/10 02:00:00.0,(2625),(1128),,,,
10/29/10 03:00:00.0,(1584),(1071),,,,
10/29/10 04:00:00.0,(2073),(1043),,,,
10/29/10 05:00:00.0,(2015),(1015),,,,
10/29/10 06:00:00.0,(1470),(0958),,,,
10/29/10 07:00:00.0,(1015),(0902),,,,
10/29/10 08:00:00.0,(0732),(0845),,,,
10/29/10 09:00:00.0,(0902),(0817),,,,
10/29/10 10:00:00.0,(0535),(0789),,,,
10/29/10 11:00:00.0,(0789),(0732),,,,
10/29/10 12:00:00.0,(0423),(0704),,,,
10/29/10 13:00:00.0,(0255),(0648),,,,
10/29/10 14:00:00.0,(0620),(0620),,,,
10/29/10 15:00:00.0,0163,(0563),,,,
10/29/10 16:00:00.0,(0116),(0535),,,,
10/29/10 17:00:00.0,(0676),(0507),,,,
10/29/10 18:00:00.0,(1929),(0507),,,,
10/29/10 19:00:00.0,(2363),(0479),,,,
10/29/10 20:00:00.0,(2363),(0479),,,,
10/29/10 21:00:00.0,(1641),(0451),,,,
10/29/10 22:00:00.0,(2363),(0451),,,,
10/29/10 23:00:00.0,(2566),(0479),,,,
10/30/10 00:00:00.0,(2888),(0507),,,,
10/30/10 01:00:00.0,(3390),(0535),,,,
10/30/10 02:00:00.0,(3094),(0563),,,,
10/30/10 03:00:00.0,(3419),(0620),,,,
10/30/10 04:00:00.0,(3124),(0648),,,,
10/30/10 05:00:00.0,(3271),(0676),,,,
10/30/10 06:00:00.0,(3330),(0732),,,,
10/30/10 07:00:00.0,(3747),(0760),,,,
10/30/10 08:00:00.0,(4408),(0789),,,,
10/30/10 09:00:00.0,(4804),(0817),,,,
10/30/10 10:00:00.0,(4957),(0873),,,,
10/30/10 11:00:00.0,(4682),(0902),,,,
10/30/10 12:00:00.0,(4530),(0930),,,,
10/30/10 13:00:00.0,(4227),(0958),,,,
10/30/10 14:00:00.0,(3956),(0958),,,,
10/30/10 15:00:00.0,(2888),(0958),,,,
10/30/10 16:00:00.0,(2830),(0958),,,,
10/30/10 17:00:00.0,(3035),(0958),,,,
10/30/10 18:00:00.0,(4287),(0958),,,,
10/30/10 19:00:00.0,(4651),(0958),,,,
10/30/10 20:00:00.0,(4743),(0986),,,,
10/30/10 21:00:00.0,(4987),(1015),,,,
10/30/10 22:00:00.0,(5110),(1043),,,,
10/30/10 23:00:00.0,(5388),(1071),,,,
10/31/10 00:00:00.0,(4895),(1128),,,,
10/31/10 01:00:00.0,(4743),(1185),,,,
10/31/10 02:00:00.0,(4651),(1242),,,,
10/31/10 03:00:00.0,(4560),(1299),,,,
10/31/10 04:00:00.0,(4834),(1327),,,,
10/31/10 05:00:00.0,(4865),(1356),,,,
10/31/10 06:00:00.0,(4682),(1356),,,,
10/31/10 07:00:00.0,(4682),(1356),,,,
10/31/10 08:00:00.0,(4712),(1384),,,,
10/31/10 09:00:00.0,(4257),(1384),,,,
10/31/10 10:00:00.0,(3836),(1413),,,,
10/31/10 11:00:00.0,(3568),(1356),,,,
10/31/10 12:00:00.0,(3419),(1327),,,,
10/31/10 13:00:00.0,(3301),(1270),,,,
10/31/10 14:00:00.0,(3687),(1270),,,,
10/31/10 15:00:00.0,(2859),(1242),,,,
10/31/10 16:00:00.0,(3390),(1242),,,,
10/31/10 17:00:00.0,(3926),(1270),,,,
10/31/10 18:00:00.0,(4167),(1299),,,,
10/31/10 19:00:00.0,(4167),(1299),,,,
10/31/10 20:00:00.0,(4318),(1327),,,,
10/31/10 21:00:00.0,(5141),(1356),,,,
10/31/10 22:00:00.0,(4834),(1356),,,,
10/31/10 23:00:00.0,(5079),(1356),,,,
11/01/10 00:00:00.0,(4499),(1327),,,,
11/01/10 01:00:00.0,(3153),(1270),,,,
11/01/10 02:00:00.0,(3390),(1242),,,,
11/01/10 03:00:00.0,(3065),(1213),,,,
11/01/10 04:00:00.0,(3896),(1185),,,,
11/01/10 05:00:00.0,(3627),(1157),,,,
11/01/10 06:00:00.0,(4287),(1128),,,,
11/01/10 07:00:00.0,(3687),(1128),,,,
11/01/10 08:00:00.0,(2712),(1157),,,,
11/01/10 09:00:00.0,(2859),(1185),,,,
11/01/10 10:00:00.0,(1871),(1213),,,,
11/01/10 11:00:00.0,(2218),(1242),,,,
11/01/10 12:00:00.0,(2392),(1242),,,,
11/01/10 13:00:00.0,(0339),(1242),,,,
11/01/10 14:00:00.0,(0535),(1213),,,,
11/01/10 15:00:00.0,(1727),(1157),,,,
11/01/10 16:00:00.0,(0507),(1128),,,,
11/01/10 17:00:00.0,(0563),(1071),,,,
11/01/10 18:00:00.0,0273,(1015),,,,
11/01/10 19:00:00.0,(0004),(0958),,,,
11/01/10 20:00:00.0,1317,(0902),,,,
11/01/10 21:00:00.0,0467,(0845),,,,
11/01/10 22:00:00.0,0079,(0789),,,,
11/01/10 23:00:00.0,(0116),(0732),,,,
11/02/10 00:00:00.0,(0817),(0676),,,,
11/02/10 01:00:00.0,(1071),(0648),,,,
11/02/10 02:00:00.0,(0845),(0620),,,,
11/02/10 03:00:00.0,(1043),(0591),,,,
11/02/10 04:00:00.0,(1100),(0563),,,,
11/02/10 05:00:00.0,(1043),(0563),,,,
11/02/10 06:00:00.0,(0563),(0535),,,,
11/02/10 07:00:00.0,(0760),(0507),,,,
11/02/10 08:00:00.0,(0648),(0507),,,,
11/02/10 09:00:00.0,(0620),(0479),,,,
11/02/10 10:00:00.0,(0535),(0451),,,,
11/02/10 11:00:00.0,(0283),(0423),,,,
11/02/10 12:00:00.0,0079,(0395),,,,
11/02/10 13:00:00.0,(0283),(0367),,,,
11/02/10 14:00:00.0,(0171),(0339),,,,
11/02/10 15:00:00.0,(0339),(0311),,,,
11/02/10 16:00:00.0,(0535),(0283),,,,
11/02/10 17:00:00.0,(0930),(0283),,,,
11/02/10 18:00:00.0,(1185),(0283),,,,
11/02/10 19:00:00.0,(0789),(0283),,,,
11/02/10 20:00:00.0,(1556),(0283),,,,
11/02/10 21:00:00.0,(1270),(0283),,,,
11/02/10 22:00:00.0,(1413),(0283),,,,
11/02/10 23:00:00.0,(1242),(0311),,,,
11/03/10 00:00:00.0,(1613),(0339),,,,
11/03/10 01:00:00.0,(1641),(0339),,,,
11/03/10 02:00:00.0,(1641),(0395),,,,
11/03/10 03:00:00.0,(1986),(0423),,,,
11/03/10 04:00:00.0,(0986),(0451),,,,
11/03/10 05:00:00.0,(1185),(0507),,,,
11/03/10 06:00:00.0,(1185),(0563),,,,
11/03/10 07:00:00.0,(0507),(0591),,,,
11/03/10 08:00:00.0,(0060),(0620),,,,
11/03/10 09:00:00.0,(0902),(0620),,,,
11/03/10 10:00:00.0,(1785),(0620),,,,
11/03/10 11:00:00.0,(2160),(0620),,,,
11/03/10 12:00:00.0,(1986),(0648),,,,
11/03/10 13:00:00.0,(1128),(0620),,,,
11/03/10 14:00:00.0,(1185),(0620),,,,
11/03/10 15:00:00.0,(1100),(0591),,,,
11/03/10 16:00:00.0,(0676),(0563),,,,
11/03/10 17:00:00.0,(0648),(0563),,,,
11/03/10 18:00:00.0,0439,(0535),,,,
11/03/10 19:00:00.0,0163,(0507),,,,
11/03/10 20:00:00.0,1805,(0479),,,,
11/03/10 21:00:00.0,1044,(0451),,,,
11/03/10 22:00:00.0,3696,(0451),,,,
11/03/10 23:00:00.0,2155,(0423),,,,
11/04/10 00:00:00.0,2797,(0395),,,,
11/04/10 01:00:00.0,2316,(0367),,,,
11/04/10 02:00:00.0,1588,(0255),,,,
11/04/10 03:00:00.0,2047,(0088),,,,
11/04/10 04:00:00.0,1832,(0032),,,,
11/04/10 05:00:00.0,1017,0024,,,,
11/04/10 06:00:00.0,0577,0024,,,,
11/04/10 07:00:00.0,0577,0024,,,,
11/04/10 08:00:00.0,0163,0024,,,,
11/04/10 09:00:00.0,(0227),0024,,,,
11/04/10 10:00:00.0,(1043),0024,,,,
11/04/10 11:00:00.0,(0986),0024,,,,
11/04/10 12:00:00.0,(1498),0024,,,,
11/04/10 13:00:00.0,(0873),0024,,,,
11/04/10 14:00:00.0,(0902),0024,,,,
11/04/10 15:00:00.0,(1015),0024,,,,
11/04/10 16:00:00.0,(1641),0024,,,,
11/04/10 17:00:00.0,(1986),0024,,,,
11/04/10 18:00:00.0,(2450),0024,,,,
11/04/10 19:00:00.0,(2508),0024,,,,
11/04/10 20:00:00.0,(2654),0024,,,,
11/04/10 21:00:00.0,(2247),0024,,,,
11/04/10 22:00:00.0,(2566),0024,,,,
11/04/10 23:00:00.0,(2742),0024,,,,
11/05/10 00:00:00.0,(2334),0024,,,,
11/05/10 01:00:00.0,(3271),0024,,,,
11/05/10 02:00:00.0,(3390),0024,,,,
11/05/10 03:00:00.0,(3330),0024,,,,
11/05/10 04:00:00.0,(3717),0024,,,,
11/05/10 05:00:00.0,(3896),0024,,,,
11/05/10 06:00:00.0,(4439),0024,,,,
11/05/10 07:00:00.0,(4621),0024,,,,
11/05/10 08:00:00.0,(4834),0024,,,,
11/05/10 09:00:00.0,(5110),0024,,,,
11/05/10 10:00:00.0,(5264),0024,,,,
11/05/10 11:00:00.0,(4895),0024,,,,
11/05/10 12:00:00.0,(4590),0024,,,,
11/05/10 13:00:00.0,(3926),0024,,,,
11/05/10 14:00:00.0,(3538),0024,,,,
11/05/10 15:00:00.0,(3330),0024,,,,
11/05/10 16:00:00.0,(3183),0024,,,,
11/05/10 17:00:00.0,(2508),0024,,,,
11/05/10 18:00:00.0,(2859),(0004),,,,
11/05/10 19:00:00.0,(2947),(0004),,,,
11/05/10 20:00:00.0,(2947),(0032),,,,
11/05/10 21:00:00.0,(2742),(0060),,,,
11/05/10 22:00:00.0,(3035),(0088),,,,
11/05/10 23:00:00.0,(3271),(0116),,,,
11/06/10 00:00:00.0,(2976),(0143),,,,
11/06/10 01:00:00.0,(3094),(0171),,,,
11/06/10 02:00:00.0,(3568),(0227),,,,
11/06/10 03:00:00.0,(3657),(0255),,,,
11/06/10 04:00:00.0,(3390),(0283),,,,
11/06/10 05:00:00.0,(3866),(0339),,,,
11/06/10 06:00:00.0,(4318),(0367),,,,
11/06/10 07:00:00.0,(3419),(0423),,,,
11/06/10 08:00:00.0,(4076),(0479),,,,
11/06/10 09:00:00.0,(4560),(0535),,,,
11/06/10 10:00:00.0,(4408),(0591),,,,
11/06/10 11:00:00.0,(4499),(0620),,,,
11/06/10 12:00:00.0,(3807),(0648),,,,
11/06/10 13:00:00.0,(3598),(0676),,,,
11/06/10 14:00:00.0,(2683),(0648),,,,
11/06/10 15:00:00.0,(3271),(0620),,,,
11/06/10 16:00:00.0,(2859),(0620),,,,
11/06/10 17:00:00.0,(3242),(0591),,,,
11/06/10 18:00:00.0,(3330),(0591),,,,
11/06/10 19:00:00.0,(3242),(0591),,,,
11/06/10 20:00:00.0,(3896),(0591),,,,
11/06/10 21:00:00.0,(3271),(0620),,,,
11/06/10 22:00:00.0,(3065),(0620),,,,
11/06/10 23:00:00.0,(2976),(0648),,,,
11/07/10 00:00:00.0,(3330),(0648),,,,
11/07/10 01:00:00.0,(3212),(0676),,,,
11/07/10 02:00:00.0,(2508),(0676),,,,
11/07/10 03:00:00.0,(3777),(0704),,,,
11/07/10 04:00:00.0,(4076),(0704),,,,
11/07/10 05:00:00.0,(3687),(0704),,,,
11/07/10 06:00:00.0,(3538),(0704),,,,
11/07/10 07:00:00.0,(3035),(0704),,,,
11/07/10 08:00:00.0,(3419),(0704),,,,
11/07/10 09:00:00.0,(3777),(0704),,,,
11/07/10 10:00:00.0,(4318),(0732),,,,
11/07/10 11:00:00.0,(3390),(0732),,,,
11/07/10 12:00:00.0,(3301),(0732),,,,
11/07/10 13:00:00.0,(3212),(0704),,,,
11/07/10 14:00:00.0,(2742),(0676),,,,
11/07/10 15:00:00.0,(2918),(0648),,,,
11/07/10 16:00:00.0,(3390),(0620),,,,
11/07/10 17:00:00.0,(3598),(0620),,,,
11/07/10 18:00:00.0,(3747),(0620),,,,
11/07/10 19:00:00.0,(3065),(0620),,,,
11/07/10 20:00:00.0,(3212),(0648),,,,
11/07/10 21:00:00.0,(3657),(0676),,,,
11/07/10 22:00:00.0,(3866),(0676),,,,
11/07/10 23:00:00.0,(3124),(0704),,,,
11/08/10 00:00:00.0,(3242),(0732),,,,
11/08/10 01:00:00.0,(3538),(0732),,,,
11/08/10 02:00:00.0,(3508),(0732),,,,
11/08/10 03:00:00.0,(3242),(0732),,,,
11/08/10 04:00:00.0,(4167),(0760),,,,
11/08/10 05:00:00.0,(2859),(0760),,,,
11/08/10 06:00:00.0,(3301),(0789),,,,
11/08/10 07:00:00.0,(3183),(0817),,,,
11/08/10 08:00:00.0,(3777),(0817),,,,
11/08/10 09:00:00.0,(4137),(0845),,,,
11/08/10 10:00:00.0,(4499),(0902),,,,
11/08/10 11:00:00.0,(4834),(0930),,,,
11/08/10 12:00:00.0,(4804),(0958),,,,
11/08/10 13:00:00.0,(4530),(0986),,,,
11/08/10 14:00:00.0,(4590),(1015),,,,
11/08/10 15:00:00.0,(4348),(1043),,,,
11/08/10 16:00:00.0,(4408),(1071),,,,
11/08/10 17:00:00.0,(4865),(1128),,,,
11/08/10 18:00:00.0,(5049),(1157),,,,
11/08/10 19:00:00.0,(5823),(1213),,,,
11/08/10 20:00:00.0,(5295),(1270),,,,
11/08/10 21:00:00.0,(6388),(1356),,,,
11/08/10 22:00:00.0,(6105),(1413),,,,
11/08/10 23:00:00.0,(5948),(1498),,,,
11/09/10 00:00:00.0,(6738),(1584),,,,
11/09/10 01:00:00.0,(6515),(1641),,,,
11/09/10 02:00:00.0,(6388),(1727),,,,
11/09/10 03:00:00.0,(6962),(1814),,,,
11/09/10 04:00:00.0,(6898),(1871),,,,
11/09/10 05:00:00.0,(7155),(1958),,,,
11/09/10 06:00:00.0,(6642),(1986),,,,
11/09/10 07:00:00.0,(6388),(2044),,,,
11/09/10 08:00:00.0,(6770),(2102),,,,
11/09/10 09:00:00.0,(6962),(2131),,,,
11/09/10 10:00:00.0,(6388),(2131),,,,
11/09/10 11:00:00.0,(6770),(2160),,,,
11/09/10 12:00:00.0,(6547),(2131),,,,
11/09/10 13:00:00.0,(6010),(2102),,,,
11/09/10 14:00:00.0,(5760),(2102),,,,
11/09/10 15:00:00.0,(5264),(2102),,,,
11/09/10 16:00:00.0,(5110),(2160),,,,
11/09/10 17:00:00.0,(5326),(2218),,,,
11/09/10 18:00:00.0,(5233),(2247),,,,
11/09/10 19:00:00.0,(4651),(2247),,,,
11/09/10 20:00:00.0,(4895),(2247),,,,
11/09/10 21:00:00.0,(5729),(2218),,,,
11/09/10 22:00:00.0,(4804),(2189),,,,
11/09/10 23:00:00.0,(4530),(2102),,,,
11/10/10 00:00:00.0,(4287),(2015),,,,
11/10/10 01:00:00.0,(4957),(1929),,,,
11/10/10 02:00:00.0,(4743),(1871),,,,
11/10/10 03:00:00.0,(4469),(1814),,,,
11/10/10 04:00:00.0,(4348),(1756),,,,
11/10/10 05:00:00.0,(4530),(1699),,,,
11/10/10 06:00:00.0,(4712),(1670),,,,
11/10/10 07:00:00.0,(4530),(1641),,,,
11/10/10 08:00:00.0,(5636),(1584),,,,
11/10/10 09:00:00.0,(5172),(1556),,,,
11/10/10 10:00:00.0,(3956),(1556),,,,
11/10/10 11:00:00.0,(4560),(1527),,,,
11/10/10 12:00:00.0,(4651),(1527),,,,
11/10/10 13:00:00.0,(4287),(1527),,,,
11/10/10 14:00:00.0,(4227),(1527),,,,
11/10/10 15:00:00.0,(4287),(1527),,,,
11/10/10 16:00:00.0,(4076),(1498),,,,
11/10/10 17:00:00.0,(4957),(1527),,,,
11/10/10 18:00:00.0,(5049),(1527),,,,
11/10/10 19:00:00.0,(4651),(1527),,,,
11/10/10 20:00:00.0,(4227),(1556),,,,
11/10/10 21:00:00.0,(4530),(1584),,,,
11/10/10 22:00:00.0,(3956),(1584),,,,
11/10/10 23:00:00.0,(4530),(1584),,,,
11/11/10 00:00:00.0,(4378),(1584),,,,
11/11/10 01:00:00.0,(4895),(1584),,,,
11/11/10 02:00:00.0,(4743),(1527),,,,
11/11/10 03:00:00.0,(4712),(1498),,,,
11/11/10 04:00:00.0,(4743),(1470),,,,
11/11/10 05:00:00.0,(4895),(1413),,,,
11/11/10 06:00:00.0,(4804),(1384),,,,
11/11/10 07:00:00.0,(5511),(1356),,,,
11/11/10 08:00:00.0,(4621),(1356),,,,
11/11/10 09:00:00.0,(5110),(1327),,,,
11/11/10 10:00:00.0,(4621),(1327),,,,
11/11/10 11:00:00.0,(4408),(1327),,,,
11/11/10 12:00:00.0,(4469),(1299),,,,
11/11/10 13:00:00.0,(3717),(1270),,,,
11/11/10 14:00:00.0,(3687),(1242),,,,
11/11/10 15:00:00.0,(4227),(1185),,,,
11/11/10 16:00:00.0,(4408),(1128),,,,
11/11/10 17:00:00.0,(4318),(1100),,,,
11/11/10 18:00:00.0,(3717),(1071),,,,
11/11/10 19:00:00.0,(3956),(1071),,,,
11/11/10 20:00:00.0,(2888),(1071),,,,
11/11/10 21:00:00.0,(3330),(1071),,,,
11/11/10 22:00:00.0,(3271),(1071),,,,
11/11/10 23:00:00.0,(2566),(1071),,,,
11/12/10 00:00:00.0,(2800),(1071),,,,
11/12/10 01:00:00.0,(2683),(1071),,,,
11/12/10 02:00:00.0,(2479),(1071),,,,
11/12/10 03:00:00.0,(2131),(1071),,,,
11/12/10 04:00:00.0,(2044),(1043),,,,
11/12/10 05:00:00.0,(2015),(1015),,,,
11/12/10 06:00:00.0,(1699),(1015),,,,
11/12/10 07:00:00.0,(1785),(0958),,,,
11/12/10 08:00:00.0,(1670),(0958),,,,
11/12/10 09:00:00.0,(1498),(0902),,,,
11/12/10 10:00:00.0,(1613),(0873),,,,
11/12/10 11:00:00.0,(1641),(0845),,,,
11/12/10 12:00:00.0,(1100),(0789),,,,
11/12/10 13:00:00.0,(0986),(0732),,,,
11/12/10 14:00:00.0,(0930),(0704),,,,
11/12/10 15:00:00.0,(0620),(0648),,,,
11/12/10 16:00:00.0,(0732),(0591),,,,
11/12/10 17:00:00.0,(0339),(0563),,,,
11/12/10 18:00:00.0,(0255),(0563),,,,
11/12/10 19:00:00.0,(0004),(0535),,,,
11/12/10 20:00:00.0,0024,(0535),,,,
11/12/10 21:00:00.0,0273,(0535),,,,
11/12/10 22:00:00.0,0989,(0507),,,,
11/12/10 23:00:00.0,1099,(0507),,,,
11/13/10 00:00:00.0,0852,(0507),,,,
11/13/10 01:00:00.0,0742,(0479),,,,
11/13/10 02:00:00.0,0632,(0451),,,,
11/13/10 03:00:00.0,(0171),(0451),,,,
11/13/10 04:00:00.0,0246,(0451),,,,
11/13/10 05:00:00.0,0079,(0451),,,,
11/13/10 06:00:00.0,0301,(0451),,,,
11/13/10 07:00:00.0,0412,(0423),,,,
11/13/10 08:00:00.0,0880,(0451),,,,
11/13/10 09:00:00.0,0605,(0451),,,,
11/13/10 10:00:00.0,0989,(0451),,,,
11/13/10 11:00:00.0,1262,(0423),,,,
11/13/10 12:00:00.0,0989,(0395),,,,
11/13/10 13:00:00.0,1180,(0395),,,,
11/13/10 14:00:00.0,0687,(0367),,,,
11/13/10 15:00:00.0,0632,(0339),,,,
11/13/10 16:00:00.0,0329,(0339),,,,
11/13/10 17:00:00.0,0079,(0339),,,,
11/13/10 18:00:00.0,(0563),(0367),,,,
11/13/10 19:00:00.0,(0732),(0395),,,,
11/13/10 20:00:00.0,(0563),(0423),,,,
11/13/10 21:00:00.0,(0367),(0451),,,,
11/13/10 22:00:00.0,(0283),(0479),,,,
11/13/10 23:00:00.0,(0873),(0507),,,,
11/14/10 00:00:00.0,(1613),(0507),,,,
11/14/10 01:00:00.0,(1842),(0507),,,,
11/14/10 02:00:00.0,(2334),(0507),,,,
11/14/10 03:00:00.0,(2218),(0535),,,,
11/14/10 04:00:00.0,(2131),(0563),,,,
11/14/10 05:00:00.0,(2160),(0591),,,,
11/14/10 06:00:00.0,(2392),(0620),,,,
11/14/10 07:00:00.0,(2392),(0620),,,,
11/14/10 08:00:00.0,(2654),(0620),,,,
11/14/10 09:00:00.0,(2742),(0648),,,,
11/14/10 10:00:00.0,(2566),(0648),,,,
11/14/10 11:00:00.0,(2363),(0648),,,,
11/14/10 12:00:00.0,(2450),(0648),,,,
11/14/10 13:00:00.0,(2073),(0676),,,,
11/14/10 14:00:00.0,(2044),(0676),,,,
11/14/10 15:00:00.0,(1641),(0676),,,,
11/14/10 16:00:00.0,(1756),(0648),,,,
11/14/10 17:00:00.0,(2276),(0676),,,,
11/14/10 18:00:00.0,(2712),(0676),,,,
11/14/10 19:00:00.0,(3153),(0704),,,,
11/14/10 20:00:00.0,(2888),(0732),,,,
11/14/10 21:00:00.0,(3598),(0760),,,,
11/14/10 22:00:00.0,(3777),(0817),,,,
11/14/10 23:00:00.0,(3807),(0873),,,,
11/15/10 00:00:00.0,(4167),(0930),,,,
11/15/10 01:00:00.0,(4287),(1015),,,,
11/15/10 02:00:00.0,(4957),(1071),,,,
11/15/10 03:00:00.0,(5388),(1100),,,,
11/15/10 04:00:00.0,(5388),(1185),,,,
11/15/10 05:00:00.0,(5605),(1270),,,,
11/15/10 06:00:00.0,(5791),(1384),,,,
11/15/10 07:00:00.0,(6547),(1498),,,,
11/15/10 08:00:00.0,(6388),(1613),,,,
11/15/10 09:00:00.0,(6547),(1699),,,,
11/15/10 10:00:00.0,(6962),(1814),,,,
11/15/10 11:00:00.0,(7219),(1871),,,,
11/15/10 12:00:00.0,(6962),(1929),,,,
11/15/10 13:00:00.0,(7122),(1986),,,,
11/15/10 14:00:00.0,(7445),(2044),,,,
11/15/10 15:00:00.0,(8198),(2102),,,,
11/15/10 16:00:00.0,(7935),(2189),,,,
11/15/10 17:00:00.0,(8198),(2247),,,,
11/15/10 18:00:00.0,(8132),(2334),,,,
11/15/10 19:00:00.0,(8831),(2392),,,,
11/15/10 20:00:00.0,(9439),(2450),,,,
11/15/10 21:00:00.0,(8999),(2479),,,,
11/15/10 22:00:00.0,(8965),(2508),,,,
11/15/10 23:00:00.0,(8530),(2566),,,,
11/16/10 00:00:00.0,(8864),(2596),,,,
11/16/10 01:00:00.0,(8999),(2625),,,,
11/16/10 02:00:00.0,(8663),(2625),,,,
11/16/10 03:00:00.0,(9235),(2625),,,,
11/16/10 04:00:00.0,(9303),(2625),,,,
11/16/10 05:00:00.0,(10023),(2625),,,,
11/16/10 06:00:00.0,(9816),(2625),,,,
11/16/10 07:00:00.0,(10441),(2625),,,,
11/16/10 08:00:00.0,(10934),(2625),,,,
11/16/10 09:00:00.0,(10476),(2654),,,,
11/16/10 10:00:00.0,(10757),(2712),,,,
11/16/10 11:00:00.0,(10546),(2742),,,,
11/16/10 12:00:00.0,(11290),(2712),,,,
11/16/10 13:00:00.0,(11254),(2683),,,,
11/16/10 14:00:00.0,(11650),(2625),,,,
11/16/10 15:00:00.0,(11433),(2566),,,,
11/16/10 16:00:00.0,(11290),(2537),,,,
11/16/10 17:00:00.0,(11650),(2537),,,,
11/16/10 18:00:00.0,(11686),(2596),,,,
11/16/10 19:00:00.0,(12751),(2654),,,,
11/16/10 20:00:00.0,(12975),(2742),,,,
11/16/10 21:00:00.0,(13163),(2859),,,,
11/16/10 22:00:00.0,(13466),(2947),,,,
11/16/10 23:00:00.0,(13734),(3006),,,,
11/17/10 00:00:00.0,(14353),(3124),,,,
11/17/10 01:00:00.0,(13965),(3271),,,,
11/17/10 02:00:00.0,(14786),(3538),,,,
11/17/10 03:00:00.0,(14905),(4046),,,,
11/17/10 04:00:00.0,(14826),(4560),,,,
11/17/10 05:00:00.0,(15466),(4682),,,,
11/17/10 06:00:00.0,(15669),(4773),,,,
11/17/10 07:00:00.0,(15996),(4926),,,,
11/17/10 08:00:00.0,(16243),(5049),,,,
11/17/10 09:00:00.0,(17082),(5141),,,,
11/17/10 10:00:00.0,(16997),(5141),,,,
11/17/10 11:00:00.0,(17295),(5110),,,,
11/17/10 12:00:00.0,(17253),(5049),,,,
11/17/10 13:00:00.0,(16870),(5079),,,,
11/17/10 14:00:00.0,(16702),(5172),,,,
11/17/10 15:00:00.0,(16202),(5202),,,,
11/17/10 16:00:00.0,(16119),(5326),,,,
11/17/10 17:00:00.0,(16786),(5388),,,,
11/17/10 18:00:00.0,(17467),(5326),,,,
11/17/10 19:00:00.0,(18032),(5326),,,,
11/17/10 20:00:00.0,(17988),(5295),,,,
11/17/10 21:00:00.0,(17040),(5233),,,,
11/17/10 22:00:00.0,(18832),(5202),,,,
11/17/10 23:00:00.0,(18652),(5233),,,,
11/18/10 00:00:00.0,(18340),(5202),,,,
11/18/10 01:00:00.0,(18967),(5141),,,,
11/18/10 02:00:00.0,(18697),(5141),,,,
11/18/10 03:00:00.0,(17813),(5141),,,,
11/18/10 04:00:00.0,(19285),(5141),,,,
11/18/10 05:00:00.0,(18032),(5110),,,,
11/18/10 06:00:00.0,(16955),(5110),,,,
11/18/10 07:00:00.0,(16786),(5079),,,,
11/18/10 08:00:00.0,(15224),(5018),,,,
11/18/10 09:00:00.0,(13013),(4926),,,,
11/18/10 10:00:00.0,(13013),(4834),,,,
11/18/10 11:00:00.0,(13619),(4743),,,,
11/18/10 12:00:00.0,(13390),(4621),,,,
11/18/10 13:00:00.0,(12714),(4530),,,,
11/18/10 14:00:00.0,(12900),(4408),,,,
11/18/10 15:00:00.0,(11722),(4318),,,,
11/18/10 16:00:00.0,(11577),(4227),,,,
11/18/10 17:00:00.0,(11758),(4137),,,,
11/18/10 18:00:00.0,(11541),(4046),,,,
11/18/10 19:00:00.0,(11686),(3986),,,,
11/18/10 20:00:00.0,(12123),(3896),,,,
11/18/10 21:00:00.0,(11831),(3836),,,,
11/18/10 22:00:00.0,(10546),(3807),,,,
11/18/10 23:00:00.0,(10546),(3747),,,,
11/19/10 00:00:00.0,(10511),(3687),,,,
11/19/10 01:00:00.0,(10371),(3627),,,,
11/19/10 02:00:00.0,(10058),(3538),,,,
11/19/10 03:00:00.0,(9747),(3479),,,,
11/19/10 04:00:00.0,(9747),(3390),,,,
11/19/10 05:00:00.0,(9816),(3330),,,,
11/19/10 06:00:00.0,(9954),(3330),,,,
11/19/10 07:00:00.0,(10023),(3390),,,,
11/19/10 08:00:00.0,(10336),(3538),,,,
11/19/10 09:00:00.0,(10827),(3627),,,,
11/19/10 10:00:00.0,(11147),(3657),,,,
11/19/10 11:00:00.0,(11505),(3627),,,,
11/19/10 12:00:00.0,(11722),(3627),,,,
11/19/10 13:00:00.0,(11686),(3568),,,,
11/19/10 14:00:00.0,(11433),(3538),,,,
11/19/10 15:00:00.0,(11361),(3508),,,,
11/19/10 16:00:00.0,(11469),(3508),,,,
11/19/10 17:00:00.0,(11867),(3538),,,,
11/19/10 18:00:00.0,(12196),(3568),,,,
11/19/10 19:00:00.0,(12417),(3598),,,,
11/19/10 20:00:00.0,(12269),(3627),,,,
11/19/10 21:00:00.0,(12269),(3687),,,,
11/19/10 22:00:00.0,(12306),(3747),,,,
11/19/10 23:00:00.0,(13088),(3836),,,,
11/20/10 00:00:00.0,(12528),(3866),,,,
11/20/10 01:00:00.0,(12123),(3866),,,,
11/20/10 02:00:00.0,(11867),(3836),,,,
11/20/10 03:00:00.0,(11326),(3777),,,,
11/20/10 04:00:00.0,(11794),(3717),,,,
11/20/10 05:00:00.0,(11758),(3657),,,,
11/20/10 06:00:00.0,(11397),(3627),,,,
11/20/10 07:00:00.0,(8764),(3568),,,,
11/20/10 08:00:00.0,(11147),(3568),,,,
11/20/10 09:00:00.0,(9033),(3508),,,,
11/20/10 10:00:00.0,(9202),(3449),,,,
11/20/10 11:00:00.0,(9816),(3390),,,,
11/20/10 12:00:00.0,(9644),(3330),,,,
11/20/10 13:00:00.0,(8530),(3242),,,,
11/20/10 14:00:00.0,(8864),(3153),,,,
11/20/10 15:00:00.0,(8965),(3035),,,,
11/20/10 16:00:00.0,(9202),(2947),,,,
11/20/10 17:00:00.0,(9033),(2859),,,,
11/20/10 18:00:00.0,(8364),(2800),,,,
11/20/10 19:00:00.0,(9202),(2771),,,,
11/20/10 20:00:00.0,(9405),(2712),,,,
11/20/10 21:00:00.0,(9473),(2683),,,,
11/20/10 22:00:00.0,(9303),(2625),,,,
11/20/10 23:00:00.0,(8999),(2566),,,,
11/21/10 00:00:00.0,(8999),(2508),,,,
11/21/10 01:00:00.0,(8898),(2450),,,,
11/21/10 02:00:00.0,(8797),(2363),,,,
11/21/10 03:00:00.0,(8831),(2276),,,,
11/21/10 04:00:00.0,(9033),(2218),,,,
11/21/10 05:00:00.0,(9202),(2160),,,,
11/21/10 06:00:00.0,(9303),(2102),,,,
11/21/10 07:00:00.0,(9439),(2015),,,,
11/21/10 08:00:00.0,(9747),(1958),,,,
11/21/10 09:00:00.0,(9885),(1929),,,,
11/21/10 10:00:00.0,(10023),(1871),,,,
11/21/10 11:00:00.0,(9989),(1814),,,,
11/21/10 12:00:00.0,(9713),(1756),,,,
11/21/10 13:00:00.0,(9782),(1727),,,,
11/21/10 14:00:00.0,(9405),(1670),,,,
11/21/10 15:00:00.0,(9508),(1641),,,,
11/21/10 16:00:00.0,(9542),(1613),,,,
11/21/10 17:00:00.0,(9644),(1584),,,,
11/21/10 18:00:00.0,(9679),(1527),,,,
11/21/10 19:00:00.0,(9954),(1527),,,,
11/21/10 20:00:00.0,(10371),(1498),,,,
11/21/10 21:00:00.0,(11218),(1470),,,,
11/21/10 22:00:00.0,(11940),(1441),,,,
11/21/10 23:00:00.0,(12751),(1441),,,,
11/22/10 00:00:00.0,(13772),(1413),,,,
11/22/10 01:00:00.0,(15791),(1413),,,,
11/22/10 02:00:00.0,(16534),(1384),,,,
11/22/10 03:00:00.0,(18120),(1356),,,,
11/22/10 04:00:00.0,(17901),(1384),,,,
11/22/10 05:00:00.0,(17727),(1384),,,,
11/22/10 06:00:00.0,(18032),(1413),,,,
11/22/10 07:00:00.0,(18563),(1470),,,,
11/22/10 08:00:00.0,(18563),(1498),,,,
11/22/10 09:00:00.0,(18697),(1556),,,,
11/22/10 10:00:00.0,(18340),(1641),,,,
11/22/10 11:00:00.0,(18922),(1699),,,,
11/22/10 12:00:00.0,(18340),(1756),,,,
11/22/10 13:00:00.0,(18340),(1785),,,,
11/22/10 14:00:00.0,(18252),(1842),,,,
11/22/10 15:00:00.0,(18076),(1871),,,,
11/22/10 16:00:00.0,(17727),(1929),,,,
11/22/10 17:00:00.0,(16997),(1958),,,,
11/22/10 18:00:00.0,(17381),(2015),,,,
11/22/10 19:00:00.0,(17167),(2073),,,,
11/22/10 20:00:00.0,(16576),(2131),,,,
11/22/10 21:00:00.0,(15913),(2160),,,,
11/22/10 22:00:00.0,(15064),(2218),,,,
11/22/10 23:00:00.0,(15104),(2247),,,,
11/23/10 00:00:00.0,(14314),(2276),,,,
11/23/10 01:00:00.0,(13201),(2276),,,,
11/23/10 02:00:00.0,(12900),(2276),,,,
11/23/10 03:00:00.0,(10898),(2247),,,,
11/23/10 04:00:00.0,(11147),(2218),,,,
11/23/10 05:00:00.0,(10406),(2218),,,,
11/23/10 06:00:00.0,(11111),(2189),,,,
11/23/10 07:00:00.0,(10863),(2160),,,,
11/23/10 08:00:00.0,(10371),(2102),,,,
11/23/10 09:00:00.0,(10092),(2073),,,,
11/23/10 10:00:00.0,(10058),(2044),,,,
11/23/10 11:00:00.0,(9542),(1986),,,,
11/23/10 12:00:00.0,(8430),(1958),,,,
11/23/10 13:00:00.0,(8264),(1929),,,,
11/23/10 14:00:00.0,(8066),(1871),,,,
11/23/10 15:00:00.0,(7219),(1814),,,,
11/23/10 16:00:00.0,(7155),(1785),,,,
11/23/10 17:00:00.0,(6834),(1727),,,,
11/23/10 18:00:00.0,(6547),(1699),,,,
11/23/10 19:00:00.0,(6547),(1641),,,,
11/23/10 20:00:00.0,(5357),(1613),,,,
11/23/10 21:00:00.0,(6105),(1584),,,,
11/23/10 22:00:00.0,(6642),(1527),,,,
11/23/10 23:00:00.0,(5110),(1498),,,,
11/24/10 00:00:00.0,(6073),(1470),,,,
11/24/10 01:00:00.0,(6073),(1470),,,,
11/24/10 02:00:00.0,(5326),(1413),,,,
11/24/10 03:00:00.0,(5449),(1384),,,,
11/24/10 04:00:00.0,(1699),(1356),,,,
11/24/10 05:00:00.0,(3687),(1327),,,,
11/24/10 06:00:00.0,(2654),(1299),,,,
11/24/10 07:00:00.0,(2625),(1270),,,,
11/24/10 08:00:00.0,(2508),(1270),,,,
11/24/10 09:00:00.0,(1071),(1270),,,,
11/24/10 10:00:00.0,(2073),(1242),,,,
11/24/10 11:00:00.0,(0479),(1242),,,,
11/24/10 12:00:00.0,(0367),(1185),,,,
11/24/10 13:00:00.0,(0902),(1128),,,,
11/24/10 14:00:00.0,(1071),(1100),,,,
11/24/10 15:00:00.0,(1556),(1043),,,,
11/24/10 16:00:00.0,(1699),(1015),,,,
11/24/10 17:00:00.0,(1756),(0958),,,,
11/24/10 18:00:00.0,(1299),(0958),,,,
11/24/10 19:00:00.0,(1527),(0930),,,,
11/24/10 20:00:00.0,(0930),(0930),,,,
11/24/10 21:00:00.0,(1756),(0930),,,,
11/24/10 22:00:00.0,(1871),(0930),,,,
11/24/10 23:00:00.0,(1699),(0958),,,,
11/25/10 00:00:00.0,(2392),(0958),,,,
11/25/10 01:00:00.0,(2334),(0958),,,,
11/25/10 02:00:00.0,(2073),(0958),,,,
11/25/10 03:00:00.0,(2160),(0958),,,,
11/25/10 04:00:00.0,(2800),(0986),,,,
11/25/10 05:00:00.0,(2888),(0986),,,,
11/25/10 06:00:00.0,(2742),(1015),,,,
11/25/10 07:00:00.0,(3094),(1015),,,,
11/25/10 08:00:00.0,(3271),(1043),,,,
11/25/10 09:00:00.0,(3330),(1071),,,,
11/25/10 10:00:00.0,(3657),(1128),,,,
11/25/10 11:00:00.0,(3124),(1157),,,,
11/25/10 12:00:00.0,(3717),(1185),,,,
11/25/10 13:00:00.0,(3449),(1213),,,,
11/25/10 14:00:00.0,(4046),(1242),,,,
11/25/10 15:00:00.0,(4046),(1299),,,,
11/25/10 16:00:00.0,(4560),(1356),,,,
11/25/10 17:00:00.0,(4712),(1413),,,,
11/25/10 18:00:00.0,(4957),(1527),,,,
11/25/10 19:00:00.0,(5760),(1584),,,,
11/25/10 20:00:00.0,(6010),(1699),,,,
11/25/10 21:00:00.0,(5418),(1785),,,,
11/25/10 22:00:00.0,(5326),(1871),,,,
11/25/10 23:00:00.0,(5729),(1986),,,,
11/26/10 00:00:00.0,(6010),(2073),,,,
11/26/10 01:00:00.0,(6515),(2131),,,,
11/26/10 02:00:00.0,(6168),(2189),,,,
11/26/10 03:00:00.0,(6642),(2276),,,,
11/26/10 04:00:00.0,(7543),(2334),,,,
11/26/10 05:00:00.0,(8165),(2363),,,,
11/26/10 06:00:00.0,(7836),(2421),,,,
11/26/10 07:00:00.0,(8999),(2450),,,,
11/26/10 08:00:00.0,(8430),(2479),,,,
11/26/10 09:00:00.0,(8132),(2508),,,,
11/26/10 10:00:00.0,(8397),(2508),,,,
11/26/10 11:00:00.0,(8066),(2508),,,,
11/26/10 12:00:00.0,(7902),(2508),,,,
11/26/10 13:00:00.0,(8364),(2508),,,,
11/26/10 14:00:00.0,(8132),(2508),,,,
11/26/10 15:00:00.0,(8264),(2421),,,,
11/26/10 16:00:00.0,(8000),(2392),,,,
11/26/10 17:00:00.0,(8000),(2334),,,,
11/26/10 18:00:00.0,(8297),(2305),,,,
11/26/10 19:00:00.0,(8297),(2276),,,,
11/26/10 20:00:00.0,(8530),(2247),,,,
11/26/10 21:00:00.0,(8831),(2218),,,,
11/26/10 22:00:00.0,(9033),(2189),,,,
11/26/10 23:00:00.0,(9202),(2160),,,,
11/27/10 00:00:00.0,(9134),(2160),,,,
11/27/10 01:00:00.0,(9337),(2131),,,,
11/27/10 02:00:00.0,(9576),(2131),,,,
11/27/10 03:00:00.0,(9851),(2131),,,,
11/27/10 04:00:00.0,(9954),(2102),,,,
11/27/10 05:00:00.0,(9610),(2131),,,,
11/27/10 06:00:00.0,(9679),(2131),,,,
11/27/10 07:00:00.0,(9303),(2131),,,,
11/27/10 08:00:00.0,(9235),(2160),,,,
11/27/10 09:00:00.0,(9134),(2160),,,,
11/27/10 10:00:00.0,(9134),(2160),,,,
11/27/10 11:00:00.0,(9066),(2160),,,,
11/27/10 12:00:00.0,(8797),(2131),,,,
11/27/10 13:00:00.0,(8597),(2102),,,,
11/27/10 14:00:00.0,(8331),(2102),,,,
11/27/10 15:00:00.0,(8530),(2044),,,,
11/27/10 16:00:00.0,(9405),(2015),,,,
11/27/10 17:00:00.0,(9713),(1986),,,,
11/27/10 18:00:00.0,(10371),(1986),,,,
11/27/10 19:00:00.0,(9269),(2015),,,,
11/27/10 20:00:00.0,(8932),(2044),,,,
11/27/10 21:00:00.0,(8165),(2102),,,,
11/27/10 22:00:00.0,(8932),(2160),,,,
11/27/10 23:00:00.0,(8898),(2189),,,,
11/28/10 00:00:00.0,(9679),(2189),,,,
11/28/10 01:00:00.0,(9610),(2218),,,,
11/28/10 02:00:00.0,(9542),(2218),,,,
11/28/10 03:00:00.0,(9713),(2276),,,,
11/28/10 04:00:00.0,(9371),(2276),,,,
11/28/10 05:00:00.0,(9405),(2334),,,,
11/28/10 06:00:00.0,(8932),(2334),,,,
11/28/10 07:00:00.0,(8898),(2363),,,,
11/28/10 08:00:00.0,(8264),(2392),,,,
11/28/10 09:00:00.0,(8630),(2363),,,,
11/28/10 10:00:00.0,(7935),(2334),,,,
11/28/10 11:00:00.0,(8264),(2305),,,,
11/28/10 12:00:00.0,(7348),(2276),,,,
11/28/10 13:00:00.0,(6610),(2218),,,,
11/28/10 14:00:00.0,(5948),(2189),,,,
11/28/10 15:00:00.0,(5605),(2131),,,,
11/28/10 16:00:00.0,(6325),(2102),,,,
11/28/10 17:00:00.0,(6325),(2044),,,,
11/28/10 18:00:00.0,(5885),(2015),,,,
11/28/10 19:00:00.0,(5172),(1986),,,,
11/28/10 20:00:00.0,(4926),(1986),,,,
11/28/10 21:00:00.0,(4682),(1958),,,,
11/28/10 22:00:00.0,(4621),(1929),,,,
